'ID','FullName','eaddress','GivenName','FamilyName','Continent','Country'
1,'Joshua Hines','JoshuaHines6961@jourrapide.com','Joshua','Hines','North America','United States'
2,'Sandra Arzola','SandraArzola857@armyspy.com','Sandra','Arzola','North America','United States'
3,'Rebecca Smith','RebeccaSmith9698@einrot.com','Rebecca','Smith','North America','United States'
4,'John Nichols','JohnNichols8606@superrito.com','John','Nichols','North America','United States'
5,'Hector Briganti','HectorBriganti513@armyspy.com','Hector','Briganti','North America','United States'
6,'Teresa McKinney','TeresaMcKinney659@armyspy.com','Teresa','McKinney','North America','United States'
7,'Charles Townsend','CharlesTownsend3338@armyspy.com','Charles','Townsend','North America','United States'
8,'Frank Hetrick','FrankHetrick3263@gustr.com','Frank','Hetrick','North America','United States'
9,'Mark Prochaska','MarkProchaska4672@rhyta.com','Mark','Prochaska','North America','Canada'
846,'Lewis Brittingham','LewisBrittingham3876@dayrep.com','Lewis','Brittingham','North America','United States'
847,'James Porter','JamesPorter4976@gustr.com','James','Porter','North America','United States'
848,'Joellen Gamble','JoellenGamble9522@cuvox.de','Joellen','Gamble','North America','United States'
850,'Calvin Stewart','CalvinStewart3215@cuvox.de','Calvin','Stewart','North America','United States'
851,'Alfred Brewer','AlfredBrewer8124@einrot.com','Alfred','Brewer','North America','United States'
888,'Argenis Guerrero','ArgenisGuerrero4184@cuvox.mx','Argenis','Guerrero','North America','Mexico'
889,'Florentino Amaya','FlorentinoAmaya5095@rhyta.mx','Florentino','Amaya','North America','Mexico'
902,'Anolfo Fajardo','AnolfoFajardo7138@teleworm.mx','Anolfo','Fajardo','North America','Mexico'
909,'Magno Madrid','MagnoMadrid9914@einrot.mx','Magno','Madrid','North America','Mexico'
910,'Dimas Palomino','DimasPalomino3567@dayrep.mx','Dimas','Palomino','North America','Mexico'
915,'Crisostomo Carrillo','CrisostomoCarrillo8698@jourrapide.mx','Crisostomo','Carrillo','North America','Mexico'
925,'Waldo Ramos','WaldoRamos4308@armyspy.mx','Waldo','Ramos','North America','Mexico'
930,'Emiliana Rodarte','EmilianaRodarte2225@teleworm.mx','Emiliana','Rodarte','North America','Mexico'
931,'Dulcinea Benavidez','DulcineaBenavidez2222@teleworm.mx','Dulcinea','Benavidez','North America','Mexico'
932,'Laertes Mireles','LaertesMireles7695@jourrapide.mx','Laertes','Mireles','North America','Mexico'
933,'Rode Delgadillo','RodeDelgadillo1513@teleworm.mx','Rode','Delgadillo','North America','Mexico'
935,'Alondra Linares','AlondraLinares5921@teleworm.mx','Alondra','Linares','North America','Mexico'
936,'Anxela Cardona','AnxelaCardona8212@einrot.mx','Anxela','Cardona','North America','Mexico'
938,'Athos Ozuna','AthosOzuna5799@armyspy.mx','Athos','Ozuna','North America','Mexico'
945,'Judas Pedraza','JudasPedraza5639@rhyta.mx','Judas','Pedraza','North America','Mexico'
953,'Ascension Sanabria','AscensionSanabria5138@gustr.mx','Ascension','Sanabria','North America','Mexico'
955,'Menajem Tejeda','MenajemTejeda9832@cuvox.mx','Menajem','Tejeda','North America','Mexico'
957,'Ale Garrido','AleGarrido8734@jourrapide.mx','Ale','Garrido','North America','Mexico'
959,'Justin Whitaker','JustinWhitaker305@dayrep.com','Justin','Whitaker','North America','Canada'
960,'Centola Sisneros','CentolaSisneros8479@gustr.mx','Centola','Sisneros','North America','Mexico'
974,'Jenara Alaniz','JenaraAlaniz8320@dayrep.mx','Jenara','Alaniz','North America','Mexico'
978,'Alardo Henriquez','AlardoHenriquez6572@dayrep.mx','Alardo','Henriquez','North America','Mexico'
981,'Emelinda Palacios','EmelindaPalacios788@gustr.mx','Emelinda','Palacios','North America','Mexico'
982,'Zite Puente','ZitePuente5178@dayrep.mx','Zite','Puente','North America','Mexico'
983,'Micael Bahena','MicaelBahena949@teleworm.mx','Micael','Bahena','North America','Mexico'
984,'Dolly Vergara','DollyVergara122@rhyta.mx','Dolly','Vergara','North America','Mexico'
989,'Vanya Bermudez','VanyaBermudez2856@cuvox.mx','Vanya','Bermudez','North America','Mexico'
990,'Gay Chapa','GayChapa464@superrito.mx','Gay','Chapa','North America','Mexico'
991,'Nuriya Garrido','NuriyaGarrido1620@teleworm.mx','Nuriya','Garrido','North America','Mexico'
992,'Blasco Tijerina','BlascoTijerina4704@cuvox.mx','Blasco','Tijerina','North America','Mexico'
993,'Evelia Padron','EveliaPadron5810@einrot.mx','Evelia','Padron','North America','Mexico'
1010,'Aniceto Navarrete','AnicetoNavarrete7541@einrot.mx','Aniceto','Navarrete','North America','Mexico'
1011,'Afra Beltran','AfraBeltran4351@jourrapide.mx','Afra','Beltran','North America','Mexico'
1012,'Oralia Lujan','OraliaLujan2061@rhyta.mx','Oralia','Lujan','North America','Mexico'
1027,'Yone Alonzo','YoneAlonzo8081@teleworm.mx','Yone','Alonzo','North America','Mexico'
1040,'Fabiola Puente','FabiolaPuente4355@rhyta.mx','Fabiola','Puente','North America','Mexico'
1041,'Meg Mares','MegMares3732@jourrapide.mx','Meg','Mares','North America','Mexico'
1042,'Ilario Velez','IlarioVelez4961@jourrapide.mx','Ilario','Velez','North America','Mexico'
1160,'Prinio Castaneda','PrinioCastaneda1832@teleworm.mx','Prinio','Castaneda','North America','Mexico'
1166,'Leontino Galvan','LeontinoGalvan6651@jourrapide.mx','Leontino','Galvan','North America','Mexico'
1172,'Teofano Zapata','TeofanoZapata9253@armyspy.mx','Teofano','Zapata','North America','Mexico'
1192,'Ulpio Jimenez','UlpioJimenez7338@teleworm.mx','Ulpio','Jimenez','North America','Mexico'
1200,'Ginette Ozuna','GinetteOzuna5355@jourrapide.mx','Ginette','Ozuna','North America','Mexico'
1204,'Douglas Godinez','DouglasGodinez4455@jourrapide.mx','Douglas','Godinez','North America','Mexico'
1217,'Venceslao Almonte','VenceslaoAlmonte9918@einrot.mx','Venceslao','Almonte','North America','Mexico'
1218,'Tiberio Luevano','TiberioLuevano2503@rhyta.mx','Tiberio','Luevano','North America','Mexico'
1219,'Christopher Orellana','ChristopherOrellana2200@armyspy.mx','Christopher','Orellana','North America','Mexico'
1225,'Menandro Castaneda','MenandroCastaneda6161@jourrapide.mx','Menandro','Castaneda','North America','Mexico'
1226,'Hadwig Oquendo','HadwigOquendo1684@armyspy.mx','Hadwig','Oquendo','North America','Mexico'
1228,'Gatty Rosales','GattyRosales1316@dayrep.mx','Gatty','Rosales','North America','Mexico'
1249,'Kevin Mateo','KevinMateo7952@jourrapide.mx','Kevin','Mateo','North America','Mexico'
1257,'Selemias Marquez','SelemiasMarquez840@superrito.mx','Selemias','Marquez','North America','Mexico'
1264,'Proserpina Dominquez','ProserpinaDominquez3916@superrito.mx','Proserpina','Dominquez','North America','Mexico'
1278,'Romanela Vasquez','RomanelaVasquez3655@teleworm.mx','Romanela','Vasquez','North America','Mexico'
1279,'Mora Carvajal','MoraCarvajal4847@superrito.mx','Mora','Carvajal','North America','Mexico'
1292,'Tarsilia Saucedo','TarsiliaSaucedo2636@gustr.mx','Tarsilia','Saucedo','North America','Mexico'
1299,'Ela Paredes','ElaParedes7313@superrito.mx','Ela','Paredes','North America','Mexico'
1311,'Crystal Jiminez','CrystalJiminez6697@cuvox.mx','Crystal','Jiminez','North America','Mexico'
1317,'Eulogio Jaime','EulogioJaime176@cuvox.mx','Eulogio','Jaime','North America','Mexico'
1318,'Zoraida Adomo','ZoraidaAdomo5903@armyspy.mx','Zoraida','Adomo','North America','Mexico'
1321,'Fabio Roldan','FabioRoldan9109@einrot.mx','Fabio','Roldan','North America','Mexico'
1324,'Pacifico Olmos','PacificoOlmos2075@armyspy.mx','Pacifico','Olmos','North America','Mexico'
1327,'Gaia Villalobos','GaiaVillalobos4669@rhyta.mx','Gaia','Villalobos','North America','Mexico'
1337,'Clarissa Botello','ClarissaBotello4296@jourrapide.mx','Clarissa','Botello','North America','Mexico'
1358,'Evarista Guzman','EvaristaGuzman427@einrot.mx','Evarista','Guzman','North America','Mexico'
1359,'Lizbeth Yanez','LizbethYanez4072@cuvox.mx','Lizbeth','Yanez','North America','Mexico'
1368,'Terpsicore Paz','TerpsicorePaz612@einrot.mx','Terpsicore','Paz','North America','Mexico'
1403,'Raul Raya','RaulRaya4871@rhyta.mx','Raul','Raya','North America','Mexico'
1420,'Dunstan Malave','DunstanMalave3941@einrot.mx','Dunstan','Malave','North America','Mexico'
1422,'Auxano Carrillo','AuxanoCarrillo209@teleworm.mx','Auxano','Carrillo','North America','Mexico'
1423,'Helen Johnson','HelenJohnson4567@cuvox.de','Helen','Johnson','North America','United States'
1428,'Ald Parra','AldParra7218@gustr.mx','Ald','Parra','North America','Mexico'
1432,'Jocelin Cordova','JocelinCordova4004@einrot.mx','Jocelin','Cordova','North America','Mexico'
1439,'Cristoforo Zelaya','CristoforoZelaya3466@rhyta.mx','Cristoforo','Zelaya','North America','Mexico'
1440,'Cirineo Mejia','CirineoMejia7111@dayrep.mx','Cirineo','Mejia','North America','Mexico'
1458,'Selene Quinonez','SeleneQuinonez5053@einrot.mx','Selene','Quinonez','North America','Mexico'
1465,'Robin Nix','RobinNix6753@cuvox.de','Robin','Nix','North America','Canada'
1466,'Stephanie Joseph','StephanieJoseph3628@cuvox.de','Stephanie','Joseph','North America','Canada'
1469,'Itaete Cazares','ItaeteCazares4939@gustr.mx','Itaete','Cazares','North America','Mexico'
1474,'Olimpo Acuna','OlimpoAcuna4898@superrito.mx','Olimpo','Acuna','North America','Mexico'
1479,'Lalita Pagan','LalitaPagan7196@dayrep.mx','Lalita','Pagan','North America','Mexico'
1508,'Dennis Barela','DennisBarela6707@jourrapide.mx','Dennis','Barela','North America','Mexico'
1509,'Aureo Gallegos','AureoGallegos2786@teleworm.mx','Aureo','Gallegos','North America','Mexico'
1510,'Maximo Sedillo','MaximoSedillo4657@jourrapide.mx','Maximo','Sedillo','North America','Mexico'
1511,'Ornella Beltran','OrnellaBeltran7263@jourrapide.mx','Ornella','Beltran','North America','Mexico'
1512,'Enrico Garay','EnricoGaray4576@superrito.mx','Enrico','Garay','North America','Mexico'
1513,'Katrina Pabon','KatrinaPabon9842@cuvox.mx','Katrina','Pabon','North America','Mexico'
1514,'Illed Morales','IlledMorales6976@gustr.mx','Illed','Morales','North America','Mexico'
1515,'Dimas Puga','DimasPuga1144@jourrapide.mx','Dimas','Puga','North America','Mexico'
1516,'Cibran Sisneros','CibranSisneros3439@einrot.mx','Cibran','Sisneros','North America','Mexico'
1517,'Quiliano Almaraz','QuilianoAlmaraz839@dayrep.mx','Quiliano','Almaraz','North America','Mexico'
1518,'Triana Quesada','TrianaQuesada2613@cuvox.mx','Triana','Quesada','North America','Mexico'
1521,'Anaias Villalobos','AnaiasVillalobos6865@armyspy.mx','Anaias','Villalobos','North America','Mexico'
1523,'Barry Sanabria','BarrySanabria4249@rhyta.mx','Barry','Sanabria','North America','Mexico'
1528,'Ibrahim Villalpando','IbrahimVillalpando6577@teleworm.mx','Ibrahim','Villalpando','North America','Mexico'
1530,'Karin Arriaga','KarinArriaga8460@gustr.mx','Karin','Arriaga','North America','Mexico'
1531,'Ivan Arevalo','IvanArevalo4203@gustr.mx','Ivan','Arevalo','North America','Mexico'
1532,'Fermina Pabon','FerminaPabon5163@cuvox.mx','Fermina','Pabon','North America','Mexico'
1536,'Primo Munguia','PrimoMunguia2374@dayrep.mx','Primo','Munguia','North America','Mexico'
1548,'Vilma Marrero','VilmaMarrero20@armyspy.mx','Vilma','Marrero','North America','Mexico'
1552,'Nuil Mascarenas','NuilMascarenas3826@jourrapide.mx','Nuil','Mascarenas','North America','Mexico'
1553,'Cancio Paez','CancioPaez3943@superrito.mx','Cancio','Paez','North America','Mexico'
1556,'Naara Pedraza','NaaraPedraza9019@cuvox.mx','Naara','Pedraza','North America','Mexico'
1559,'Jemina Lerma','JeminaLerma3681@teleworm.mx','Jemina','Lerma','North America','Mexico'
1573,'Cathy Loya','CathyLoya8704@superrito.mx','Cathy','Loya','North America','Mexico'
1588,'Thomas Alanis','ThomasAlanis2993@superrito.mx','Thomas','Alanis','North America','Mexico'
1592,'Lautaro Ballesteros','LautaroBallesteros7986@armyspy.mx','Lautaro','Ballesteros','North America','Mexico'
1602,'Urbano Perez','UrbanoPerez9896@armyspy.mx','Urbano','Perez','North America','Mexico'
1616,'Husai Quesada','HusaiQuesada8004@teleworm.mx','Husai','Quesada','North America','Mexico'
1618,'Melanie Zavala','MelanieZavala3642@armyspy.mx','Melanie','Zavala','North America','Mexico'
1622,'Amal Lerma','AmalLerma9228@gustr.mx','Amal','Lerma','North America','Mexico'
1632,'Honorato Betancourt','HonoratoBetancourt1362@teleworm.mx','Honorato','Betancourt','North America','Mexico'
1636,'Exal Montez','ExalMontez2922@einrot.mx','Exal','Montez','North America','Mexico'
1637,'Telmo Ochoa','TelmoOchoa4862@armyspy.mx','Telmo','Ochoa','North America','Mexico'
1638,'Zelmar Perales','ZelmarPerales1956@superrito.mx','Zelmar','Perales','North America','Mexico'
1639,'Cannan Canales','CannanCanales4339@einrot.mx','Cannan','Canales','North America','Mexico'
1640,'Dugan Zuniga','DuganZuniga2695@teleworm.mx','Dugan','Zuniga','North America','Mexico'
1641,'Kenji Ocampo','KenjiOcampo2245@superrito.mx','Kenji','Ocampo','North America','Mexico'
1642,'Mercy Miranda','MercyMiranda64@rhyta.mx','Mercy','Miranda','North America','Mexico'
1643,'Gay Montenegro','GayMontenegro2775@armyspy.mx','Gay','Montenegro','North America','Mexico'
1644,'Beronike Valadez','BeronikeValadez5874@armyspy.mx','Beronike','Valadez','North America','Mexico'
1645,'Ama Cabrera','AmaCabrera6785@cuvox.mx','Ama','Cabrera','North America','Mexico'
1646,'Tiara Morales','TiaraMorales2999@jourrapide.mx','Tiara','Morales','North America','Mexico'
1648,'Idelia Granados','IdeliaGranados5654@teleworm.mx','Idelia','Granados','North America','Mexico'
1649,'Anquises Cortez','AnquisesCortez3688@einrot.mx','Anquises','Cortez','North America','Mexico'
1661,'Baudilio Comejo','BaudilioComejo7541@dayrep.mx','Baudilio','Comejo','North America','Mexico'
1665,'Abram Bravo','AbramBravo3848@jourrapide.mx','Abram','Bravo','North America','Mexico'
1672,'Stefania Anguiano','StefaniaAnguiano7261@cuvox.mx','Stefania','Anguiano','North America','Mexico'
1676,'Ludwiq Esquibel','LudwiqEsquibel9493@einrot.mx','Ludwiq','Esquibel','North America','Mexico'
1680,'Marlen Baeza','MarlenBaeza6563@superrito.mx','Marlen','Baeza','North America','Mexico'
1687,'Demeter Rivas','DemeterRivas3992@superrito.mx','Demeter','Rivas','North America','Mexico'
1692,'Wulfilde Roldan','WulfildeRoldan4784@dayrep.mx','Wulfilde','Roldan','North America','Mexico'
1731,'Larry Fulton','LarryFulton1120@teleworm.ca','Larry','Fulton','North America','Canada'
1732,'Marvin Jackson','MarvinJackson1181@teleworm.us','Marvin','Jackson','North America','Canada'
1733,'Angie Pantoja','AngiePantoja5837@armyspy.com','Angie','Pantoja','North America','Canada'
1734,'Shirley Applewhite','ShirleyApplewhite8546@einrot.com','Shirley','Applewhite','North America','Canada'
1735,'Jacob Denny','JacobDenny5960@rhyta.com','Jacob','Denny','North America','Canada'
1736,'Chun Hackney','ChunHackney2890@superrito.com','Chun','Hackney','North America','Canada'
1737,'Lois Boswell','LoisBoswell9419@jourrapide.com','Lois','Boswell','North America','Canada'
1738,'Harold Easterwood','HaroldEasterwood6874@einrot.ca','Harold','Easterwood','North America','Canada'
1739,'Katherine Gilreath','KatherineGilreath6199@einrot.com','Katherine','Gilreath','North America','Canada'
1740,'Christopher Duncan','ChristopherDuncan5175@armyspy.com','Christopher','Duncan','North America','Canada'
1741,'Timothy Workman','TimothyWorkman6227@gustr.com','Timothy','Workman','North America','Canada'
1742,'Mark Butcher','MarkButcher5280@rhyta.com','Mark','Butcher','North America','Canada'
1743,'Tamara Bishop','TamaraBishop4903@cuvox.de','Tamara','Bishop','North America','Canada'
1744,'Kathryn Brown','KathrynBrown8760@gustr.com','Kathryn','Brown','North America','Canada'
1745,'William Mendez','WilliamMendez6224@cuvox.de','William','Mendez','North America','Canada'
1746,'Joyce Biggerstaff','JoyceBiggerstaff1809@superrito.com','Joyce','Biggerstaff','North America','Canada'
1747,'Rene Fitzgerald','ReneFitzgerald2181@gustr.com','Rene','Fitzgerald','North America','Canada'
1748,'David Burress','DavidBurress4996@einrot.com','David','Burress','North America','Canada'
1749,'William Hogan','WilliamHogan7883@dayrep.com','William','Hogan','North America','Canada'
1750,'Carrie Malloy','CarrieMalloy1857@einrot.com','Carrie','Malloy','North America','Canada'
1751,'Sharon Queen','SharonQueen9853@gustr.com','Sharon','Queen','North America','Canada'
1752,'Darrell Williams','DarrellWilliams5998@gustr.com','Darrell','Williams','North America','Canada'
1753,'Ivan Chaves','IvanChaves2188@teleworm.us','Ivan','Chaves','North America','Canada'
1754,'Chantel Hildebrand','ChantelHildebrand405@gustr.com','Chantel','Hildebrand','North America','Canada'
1755,'Freddie Navarro','FreddieNavarro3221@einrot.com','Freddie','Navarro','North America','Canada'
1756,'Ruth Huff','RuthHuff6536@armyspy.com','Ruth','Huff','North America','Canada'
1757,'Lester Peoples','LesterPeoples3165@cuvox.de','Lester','Peoples','North America','Canada'
1758,'Dorothy Davis','DorothyDavis9304@jourrapide.com','Dorothy','Davis','North America','Canada'
1759,'Charline Ellis','CharlineEllis1685@jourrapide.com','Charline','Ellis','North America','Canada'
1760,'James Olson','JamesOlson7306@armyspy.com','James','Olson','North America','Canada'
1761,'Michael Contreras','MichaelContreras8943@rhyta.com','Michael','Contreras','North America','Canada'
1762,'Andres Alexander','AndresAlexander13@superrito.com','Andres','Alexander','North America','Canada'
1763,'Jose Cooper','JoseCooper1151@teleworm.us','Jose','Cooper','North America','Canada'
1764,'David Dixon','DavidDixon4351@gustr.com','David','Dixon','North America','Canada'
1765,'Karen Beal','KarenBeal7457@gustr.com','Karen','Beal','North America','Canada'
1766,'Michelle Chambless','MichelleChambless6213@rhyta.com','Michelle','Chambless','North America','Canada'
1767,'Matthew Strickland','MatthewStrickland3762@rhyta.com','Matthew','Strickland','North America','Canada'
1768,'Daniel Tomlinson','DanielTomlinson6718@einrot.com','Daniel','Tomlinson','North America','Canada'
1769,'Kendra Lambert','KendraLambert6104@jourrapide.com','Kendra','Lambert','North America','Canada'
1770,'William Lewis','WilliamLewis2173@dayrep.com','William','Lewis','North America','Canada'
1771,'Dennis Johnson','DennisJohnson6691@dayrep.com','Dennis','Johnson','North America','Canada'
1772,'Bobby Graves','BobbyGraves8676@einrot.com','Bobby','Graves','North America','Canada'
1773,'Raymond Reed','RaymondReed2306@dayrep.com','Raymond','Reed','North America','Canada'
1774,'Loren Beaudry','LorenBeaudry5030@cuvox.de','Loren','Beaudry','North America','Canada'
1775,'Susan Brown','SusanBrown1119@cuvox.de','Susan','Brown','North America','Canada'
1776,'Allyson Lee','AllysonLee2105@superrito.com','Allyson','Lee','North America','Canada'
1777,'Douglas Walter','DouglasWalter9368@cuvox.de','Douglas','Walter','North America','Canada'
1778,'Steven Belair','StevenBelair7524@cuvox.de','Steven','Belair','North America','Canada'
1779,'James Martin','JamesMartin8477@jourrapide.com','James','Martin','North America','Canada'
1780,'Jessica Tollefson','JessicaTollefson2829@rhyta.com','Jessica','Tollefson','North America','Canada'
1781,'Robert Ambrose','RobertAmbrose6744@cuvox.de','Robert','Ambrose','North America','Canada'
1782,'Mary Randall','MaryRandall3714@dayrep.com','Mary','Randall','North America','Canada'
1783,'Tonya Frost','TonyaFrost1705@cuvox.de','Tonya','Frost','North America','Canada'
1784,'Sandy Davidson','SandyDavidson4149@gustr.com','Sandy','Davidson','North America','Canada'
1785,'Jason Parry','JasonParry8481@gustr.com','Jason','Parry','North America','Canada'
1786,'Kathleen Dent','KathleenDent8326@dayrep.com','Kathleen','Dent','North America','Canada'
1787,'Julian Hobbs','JulianHobbs1561@superrito.com','Julian','Hobbs','North America','Canada'
1788,'Wilfred George','WilfredGeorge4979@einrot.com','Wilfred','George','North America','Canada'
1789,'Roger Wilkins','RogerWilkins848@dayrep.com','Roger','Wilkins','North America','Canada'
1790,'Jerry Shin','JerryShin1911@superrito.com','Jerry','Shin','North America','Canada'
1791,'John Lim','JohnLim2432@superrito.com','John','Lim','North America','Canada'
1792,'Esther Fink','EstherFink8493@jourrapide.com','Esther','Fink','North America','Canada'
1793,'Daniel Provost','DanielProvost2730@superrito.com','Daniel','Provost','North America','Canada'
1794,'Brenda Wray','BrendaWray237@rhyta.ca','Brenda','Wray','North America','Canada'
1795,'Patricia Wood','PatriciaWood1247@teleworm.us','Patricia','Wood','North America','Canada'
1796,'Kimberly Ratliff','KimberlyRatliff2014@armyspy.com','Kimberly','Ratliff','North America','Canada'
1797,'Scott Ferro','ScottFerro7841@superrito.com','Scott','Ferro','North America','Canada'
1798,'John Shaver','JohnShaver9884@einrot.com','John','Shaver','North America','Canada'
1799,'Mary Lyda','MaryLyda2119@superrito.com','Mary','Lyda','North America','Canada'
1800,'Monica Weiss','MonicaWeiss6563@superrito.com','Monica','Weiss','North America','Canada'
1801,'Carmen Huff','CarmenHuff143@superrito.com','Carmen','Huff','North America','Canada'
1802,'Dean Keaton','DeanKeaton8432@teleworm.us','Dean','Keaton','North America','Canada'
1803,'David Collins','DavidCollins8385@armyspy.com','David','Collins','North America','Canada'
1804,'Nicholas Bordelon','NicholasBordelon8440@gustr.com','Nicholas','Bordelon','North America','Canada'
1805,'Harold McFaddin','HaroldMcFaddin3268@cuvox.de','Harold','McFaddin','North America','Canada'
1806,'Robert Obanion','RobertObanion7267@jourrapide.com','Robert','Obanion','North America','Canada'
1807,'Sylvia Lyons','SylviaLyons5085@jourrapide.com','Sylvia','Lyons','North America','Canada'
1808,'Doris Kidder','DorisKidder626@armyspy.com','Doris','Kidder','North America','Canada'
1809,'Nathaniel Demers','NathanielDemers4380@dayrep.com','Nathaniel','Demers','North America','Canada'
1810,'Helen Higgins','HelenHiggins763@cuvox.de','Helen','Higgins','North America','Canada'
1811,'Robert Bates','RobertBates6162@gustr.com','Robert','Bates','North America','Canada'
1812,'Lois Garcia','LoisGarcia7607@dayrep.com','Lois','Garcia','North America','Canada'
1813,'Eric Thompson','EricThompson7516@cuvox.de','Eric','Thompson','North America','Canada'
1814,'Jack Hunter','JackHunter9965@rhyta.com','Jack','Hunter','North America','Canada'
1816,'Kenneth Osborne','KennethOsborne5855@dayrep.com','Kenneth','Osborne','North America','Canada'
1817,'Juli Sanford','JuliSanford2233@gustr.com','Juli','Sanford','North America','Canada'
1818,'Patricia Hudson','PatriciaHudson7953@gustr.com','Patricia','Hudson','North America','Canada'
1819,'Evelyn Walton','EvelynWalton7115@jourrapide.com','Evelyn','Walton','North America','Canada'
1820,'Jose Bass','JoseBass960@gustr.com','Jose','Bass','North America','Canada'
1821,'Otis Choi','OtisChoi1886@dayrep.com','Otis','Choi','North America','Canada'
1822,'Robert Downing','RobertDowning3104@armyspy.com','Robert','Downing','North America','Canada'
1823,'Blanche Moss','BlancheMoss8181@armyspy.com','Blanche','Moss','North America','Canada'
1824,'John Clark','JohnClark6109@armyspy.com','John','Clark','North America','Canada'
1825,'Adam Gunn','AdamGunn6353@rhyta.com','Adam','Gunn','North America','Canada'
1826,'Harriet Myrick','HarrietMyrick3560@gustr.com','Harriet','Myrick','North America','Canada'
1827,'Robert Ellis','RobertEllis5750@teleworm.ca','Robert','Ellis','North America','Canada'
1828,'Michael Yin','MichaelYin1118@gustr.com','Michael','Yin','North America','Canada'
1829,'John Hall','JohnHall8370@cuvox.de','John','Hall','North America','Canada'
1830,'Antonio Cunningham','AntonioCunningham8990@superrito.com','Antonio','Cunningham','North America','Canada'
1831,'Otto Mitchell','OttoMitchell2244@superrito.com','Otto','Mitchell','North America','Canada'
1832,'Gregory Newman','GregoryNewman9949@teleworm.us','Gregory','Newman','North America','Canada'
1833,'Fred Young','FredYoung9628@einrot.com','Fred','Young','North America','Canada'
1834,'James Futch','JamesFutch2438@jourrapide.com','James','Futch','North America','Canada'
1835,'Elizabeth Felix','ElizabethFelix5766@teleworm.us','Elizabeth','Felix','North America','Canada'
1836,'Mark Newton','MarkNewton2615@gustr.com','Mark','Newton','North America','Canada'
1837,'Judith Brown','JudithBrown2131@teleworm.ca','Judith','Brown','North America','Canada'
1838,'Caleb Crume','CalebCrume8518@armyspy.com','Caleb','Crume','North America','Canada'
1839,'David Barth','DavidBarth2480@gustr.com','David','Barth','North America','Canada'
1840,'Amy Nelson','AmyNelson2445@teleworm.us','Amy','Nelson','North America','Canada'
1841,'Henry Ashcraft','HenryAshcraft152@cuvox.de','Henry','Ashcraft','North America','Canada'
1842,'Joaquin Leggett','JoaquinLeggett3030@dayrep.com','Joaquin','Leggett','North America','Canada'
1843,'Theresa Mills','TheresaMills3889@gustr.com','Theresa','Mills','North America','Canada'
1844,'Cathy Williams','CathyWilliams8649@dayrep.com','Cathy','Williams','North America','Canada'
1845,'Cristie Dexter','CristieDexter6696@rhyta.com','Cristie','Dexter','North America','Canada'
1846,'Marylynn Shepard','MarylynnShepard4530@gustr.com','Marylynn','Shepard','North America','Canada'
1847,'Robert Scott','RobertScott907@teleworm.us','Robert','Scott','North America','Canada'
1848,'Natasha Sandoval','NatashaSandoval5219@jourrapide.ca','Natasha','Sandoval','North America','Canada'
1849,'Ilene Rush','IleneRush3703@armyspy.com','Ilene','Rush','North America','Canada'
1850,'Kevin Banks','KevinBanks4724@einrot.com','Kevin','Banks','North America','Canada'
1851,'Roseann Wilkerson','RoseannWilkerson7483@gustr.com','Roseann','Wilkerson','North America','Canada'
1852,'Ann Hodge','AnnHodge2526@cuvox.de','Ann','Hodge','North America','Canada'
1853,'Erika Sanchez','ErikaSanchez9389@jourrapide.com','Erika','Sanchez','North America','Canada'
1854,'James Espey','JamesEspey8787@cuvox.de','James','Espey','North America','Canada'
1855,'Raymond Humphrey','RaymondHumphrey7901@gustr.ca','Raymond','Humphrey','North America','Canada'
1856,'Lorene Walker','LoreneWalker8454@teleworm.us','Lorene','Walker','North America','Canada'
1857,'Clay Garcia','ClayGarcia9048@armyspy.com','Clay','Garcia','North America','Canada'
1858,'Wanda Sims','WandaSims7945@dayrep.com','Wanda','Sims','North America','Canada'
1859,'Jason Salyers','JasonSalyers4123@cuvox.de','Jason','Salyers','North America','Canada'
1860,'Mary Fedler','MaryFedler6359@rhyta.com','Mary','Fedler','North America','Canada'
1861,'David Rowden','DavidRowden1027@dayrep.com','David','Rowden','North America','Canada'
1862,'Patrick Lockett','PatrickLockett9849@rhyta.com','Patrick','Lockett','North America','Canada'
1863,'Eduardo Sewell','EduardoSewell3098@dayrep.com','Eduardo','Sewell','North America','Canada'
1864,'Susie Reynolds','SusieReynolds8082@gustr.com','Susie','Reynolds','North America','Canada'
1865,'Kathryn Hicks','KathrynHicks7834@gustr.com','Kathryn','Hicks','North America','Canada'
1866,'Cheryl Schmidt','CherylSchmidt1164@superrito.com','Cheryl','Schmidt','North America','Canada'
1867,'Louise Bermudes','LouiseBermudes8673@rhyta.ca','Louise','Bermudes','North America','Canada'
1868,'Arthur Hill','ArthurHill3170@rhyta.com','Arthur','Hill','North America','Canada'
1869,'Danelle Gerber','DanelleGerber9840@rhyta.com','Danelle','Gerber','North America','Canada'
1870,'Amy Butterfield','AmyButterfield9210@einrot.ca','Amy','Butterfield','North America','Canada'
1871,'Paul Roberts','PaulRoberts5498@einrot.ca','Paul','Roberts','North America','Canada'
1872,'Scott Ramirez','ScottRamirez5428@teleworm.us','Scott','Ramirez','North America','Canada'
1873,'Lyda Bedford','LydaBedford1017@armyspy.com','Lyda','Bedford','North America','Canada'
1874,'Jennifer Andres','JenniferAndres418@rhyta.com','Jennifer','Andres','North America','Canada'
1875,'Patricia Couture','PatriciaCouture2215@einrot.com','Patricia','Couture','North America','Canada'
1876,'Stephen Baker','StephenBaker7344@cuvox.de','Stephen','Baker','North America','Canada'
1877,'Raymond Aaron','RaymondAaron9475@dayrep.com','Raymond','Aaron','North America','Canada'
1878,'Ramiro Pitts','RamiroPitts1178@armyspy.com','Ramiro','Pitts','North America','Canada'
1879,'Rocio Guthrie','RocioGuthrie7032@armyspy.com','Rocio','Guthrie','North America','Canada'
1880,'Beth Wheat','BethWheat9839@rhyta.com','Beth','Wheat','North America','Canada'
1881,'Joyce Jones','JoyceJones2450@superrito.com','Joyce','Jones','North America','Canada'
1882,'Danny Wheeler','DannyWheeler9574@superrito.com','Danny','Wheeler','North America','Canada'
1883,'Roma Sloan','RomaSloan6098@dayrep.com','Roma','Sloan','North America','Canada'
1884,'Anne Garcia','AnneGarcia4407@jourrapide.com','Anne','Garcia','North America','Canada'
1885,'Cathleen Hancock','CathleenHancock1718@dayrep.ca','Cathleen','Hancock','North America','Canada'
1886,'James Carroll','JamesCarroll5305@armyspy.com','James','Carroll','North America','Canada'
1887,'Amber Lombard','AmberLombard8455@einrot.com','Amber','Lombard','North America','Canada'
1888,'Cassandra Miller','CassandraMiller4192@dayrep.com','Cassandra','Miller','North America','Canada'
1889,'Daniel Roy','DanielRoy2558@superrito.com','Daniel','Roy','North America','Canada'
1890,'Samuel Gross','SamuelGross443@cuvox.de','Samuel','Gross','North America','Canada'
1891,'Violet Holloway','VioletHolloway4014@armyspy.com','Violet','Holloway','North America','Canada'
1892,'Arlene Broome','ArleneBroome7656@rhyta.com','Arlene','Broome','North America','Canada'
1893,'Earl Tipton','EarlTipton4174@armyspy.com','Earl','Tipton','North America','Canada'
1894,'Carole Murawski','CaroleMurawski5320@teleworm.us','Carole','Murawski','North America','Canada'
1895,'Helen Hampton','HelenHampton9496@armyspy.com','Helen','Hampton','North America','Canada'
1896,'Elizabeth Pharr','ElizabethPharr7323@jourrapide.com','Elizabeth','Pharr','North America','Canada'
1897,'Debra Taylor','DebraTaylor198@jourrapide.com','Debra','Taylor','North America','Canada'
1898,'John Ellis','JohnEllis2700@jourrapide.com','John','Ellis','North America','Canada'
1899,'Edward Ferguson','EdwardFerguson1496@armyspy.com','Edward','Ferguson','North America','Canada'
1900,'Eva Pirtle','EvaPirtle4092@rhyta.com','Eva','Pirtle','North America','Canada'
1901,'Helen Higgins','HelenHiggins245@cuvox.de','Helen','Higgins','North America','Canada'
1902,'David Straub','DavidStraub7495@cuvox.de','David','Straub','North America','Canada'
1903,'Anna Justice','AnnaJustice8189@rhyta.com','Anna','Justice','North America','Canada'
1904,'James Vidrine','JamesVidrine1998@dayrep.com','James','Vidrine','North America','Canada'
1905,'Ted Delosreyes','TedDelosreyes9129@superrito.com','Ted','Delosreyes','North America','Canada'
1906,'Edith Nix','EdithNix8986@rhyta.com','Edith','Nix','North America','Canada'
1907,'Pamela Lewis','PamelaLewis4104@jourrapide.com','Pamela','Lewis','North America','Canada'
1908,'Stephen Harrison','StephenHarrison9481@jourrapide.com','Stephen','Harrison','North America','Canada'
1909,'Rod Martin','RodMartin2365@superrito.com','Rod','Martin','North America','Canada'
1910,'Joe Gutierrez','JoeGutierrez1401@cuvox.de','Joe','Gutierrez','North America','Canada'
1911,'Walter Hunsaker','WalterHunsaker1417@armyspy.ca','Walter','Hunsaker','North America','Canada'
1912,'Cordelia Riggs','CordeliaRiggs3383@gustr.com','Cordelia','Riggs','North America','Canada'
1913,'Teresa Holmes','TeresaHolmes9478@gustr.com','Teresa','Holmes','North America','Canada'
1914,'Jody Brown','JodyBrown7006@cuvox.de','Jody','Brown','North America','Canada'
1915,'Arthur Carter','ArthurCarter2420@cuvox.de','Arthur','Carter','North America','Canada'
1916,'Steven Weiler','StevenWeiler3796@dayrep.com','Steven','Weiler','North America','Canada'
1917,'Robert Johnson','RobertJohnson822@gustr.com','Robert','Johnson','North America','Canada'
1918,'Rebecca Mason','RebeccaMason1262@einrot.com','Rebecca','Mason','North America','Canada'
1919,'Shannon Furman','ShannonFurman5189@teleworm.us','Shannon','Furman','North America','Canada'
1920,'Gary Curtis','GaryCurtis284@jourrapide.com','Gary','Curtis','North America','Canada'
1921,'Jeanne Muniz','JeanneMuniz2782@gustr.com','Jeanne','Muniz','North America','Canada'
1922,'Bobby Miles','BobbyMiles286@cuvox.de','Bobby','Miles','North America','Canada'
1923,'Kathryn Castillo','KathrynCastillo9941@rhyta.com','Kathryn','Castillo','North America','Canada'
1924,'Darryl Lewis','DarrylLewis5163@superrito.com','Darryl','Lewis','North America','Canada'
1925,'Mae Fick','MaeFick1680@rhyta.com','Mae','Fick','North America','Canada'
1926,'Ethel Griffith','EthelGriffith8908@einrot.com','Ethel','Griffith','North America','Canada'
1927,'Beverly Walker','BeverlyWalker1261@gustr.com','Beverly','Walker','North America','Canada'
1928,'Bette Talbot','BetteTalbot7573@jourrapide.com','Bette','Talbot','North America','Canada'
1929,'Ruby Dashiell','RubyDashiell9834@superrito.com','Ruby','Dashiell','North America','Canada'
1930,'Martin Hiles','MartinHiles6320@gustr.com','Martin','Hiles','North America','Canada'
1931,'James Davis','JamesDavis2696@jourrapide.ca','James','Davis','North America','Canada'
1932,'Lauren Hogue','LaurenHogue9476@gustr.com','Lauren','Hogue','North America','Canada'
1933,'Melaine Johnson','MelaineJohnson1018@superrito.com','Melaine','Johnson','North America','Canada'
1934,'Ryan Kerr','RyanKerr378@cuvox.de','Ryan','Kerr','North America','Canada'
1935,'Todd Hudson','ToddHudson1778@jourrapide.com','Todd','Hudson','North America','Canada'
1936,'Claude Poole','ClaudePoole5876@rhyta.com','Claude','Poole','North America','Canada'
1937,'Harry Riley','HarryRiley3741@einrot.ca','Harry','Riley','North America','Canada'
1938,'Dan Holden','DanHolden7719@einrot.com','Dan','Holden','North America','Canada'
1939,'Carmela Lasher','CarmelaLasher3528@superrito.ca','Carmela','Lasher','North America','Canada'
1940,'Sammie Wong','SammieWong9908@rhyta.com','Sammie','Wong','North America','Canada'
1941,'Cindy Hebert','CindyHebert3636@einrot.com','Cindy','Hebert','North America','Canada'
1942,'Calvin Wilson','CalvinWilson3281@dayrep.com','Calvin','Wilson','North America','Canada'
1943,'Jerry Howard','JerryHoward4083@teleworm.us','Jerry','Howard','North America','Canada'
1944,'Lizzie Molinaro','LizzieMolinaro217@gustr.com','Lizzie','Molinaro','North America','Canada'
1945,'Clifford Morris','CliffordMorris536@dayrep.com','Clifford','Morris','North America','Canada'
1946,'Ruth Hickey','RuthHickey8831@cuvox.de','Ruth','Hickey','North America','Canada'
1947,'Gregory Kilgo','GregoryKilgo9248@teleworm.us','Gregory','Kilgo','North America','Canada'
1948,'Mary Lenk','MaryLenk8082@armyspy.com','Mary','Lenk','North America','Canada'
1949,'Eleanor Cooper','EleanorCooper2610@gustr.com','Eleanor','Cooper','North America','Canada'
1950,'Florence Harris','FlorenceHarris2918@gustr.com','Florence','Harris','North America','Canada'
1951,'Scott Pray','ScottPray9528@jourrapide.com','Scott','Pray','North America','Canada'
1952,'Michael Williams','MichaelWilliams844@dayrep.com','Michael','Williams','North America','Canada'
1953,'Alfredo Cooke','AlfredoCooke3917@dayrep.com','Alfredo','Cooke','North America','Canada'
1954,'Theodore Burgher','TheodoreBurgher4372@teleworm.us','Theodore','Burgher','North America','Canada'
1955,'William Hardwick','WilliamHardwick1978@superrito.com','William','Hardwick','North America','Canada'
1956,'Frank Conner','FrankConner9913@jourrapide.com','Frank','Conner','North America','Canada'
1957,'Arcelia Cooper','ArceliaCooper1100@superrito.com','Arcelia','Cooper','North America','Canada'
1958,'Cory Gabbard','CoryGabbard6171@dayrep.com','Cory','Gabbard','North America','Canada'
1959,'Susan Reed','SusanReed1459@superrito.com','Susan','Reed','North America','Canada'
1960,'Frances Toussaint','FrancesToussaint9214@teleworm.us','Frances','Toussaint','North America','Canada'
1961,'Samuel Whitley','SamuelWhitley9768@armyspy.com','Samuel','Whitley','North America','Canada'
1962,'Eilene Laffey','EileneLaffey4882@armyspy.com','Eilene','Laffey','North America','Canada'
1963,'Lavern Beals','LavernBeals8883@rhyta.com','Lavern','Beals','North America','Canada'
1964,'Randy Cantu','RandyCantu1763@jourrapide.com','Randy','Cantu','North America','Canada'
1965,'Monica Nunez','MonicaNunez4205@jourrapide.com','Monica','Nunez','North America','Canada'
1966,'Angela Adams','AngelaAdams1882@rhyta.com','Angela','Adams','North America','Canada'
1967,'Diane Brace','DianeBrace6789@einrot.com','Diane','Brace','North America','Canada'
1968,'Mary Liberty','MaryLiberty7847@jourrapide.com','Mary','Liberty','North America','Canada'
1969,'Jeffrey Chambers','JeffreyChambers8697@gustr.com','Jeffrey','Chambers','North America','Canada'
1970,'Christopher Williams','ChristopherWilliams6726@cuvox.ca','Christopher','Williams','North America','Canada'
1971,'Robert Downing','RobertDowning6547@armyspy.com','Robert','Downing','North America','Canada'
1972,'Alycia Singh','AlyciaSingh9278@einrot.com','Alycia','Singh','North America','Canada'
1973,'William Cox','WilliamCox3318@teleworm.us','William','Cox','North America','Canada'
1974,'Karen Gatlin','KarenGatlin7723@teleworm.us','Karen','Gatlin','North America','Canada'
1975,'Barbara Romero','BarbaraRomero9815@cuvox.de','Barbara','Romero','North America','Canada'
1976,'Inez Adler','InezAdler1851@einrot.com','Inez','Adler','North America','Canada'
1977,'Mariela Arnold','MarielaArnold5236@gustr.com','Mariela','Arnold','North America','Canada'
1978,'James Linkous','JamesLinkous7045@einrot.com','James','Linkous','North America','Canada'
1979,'James Couture','JamesCouture8705@einrot.com','James','Couture','North America','Canada'
1980,'Mary Toth','MaryToth4591@gustr.com','Mary','Toth','North America','Canada'
1981,'Joann Richards','JoannRichards5816@gustr.com','Joann','Richards','North America','Canada'
1982,'Curtis Rogers','CurtisRogers515@teleworm.us','Curtis','Rogers','North America','Canada'
1983,'Allen Davis','AllenDavis5365@armyspy.com','Allen','Davis','North America','Canada'
1984,'Ann Orr','AnnOrr9826@gustr.ca','Ann','Orr','North America','Canada'
1985,'Shawn Novello','ShawnNovello3025@dayrep.com','Shawn','Novello','North America','Canada'
1986,'Celia Harris','CeliaHarris5493@rhyta.com','Celia','Harris','North America','Canada'
1987,'Donald House','DonaldHouse9433@gustr.com','Donald','House','North America','Canada'
1988,'Donald Schutt','DonaldSchutt6767@cuvox.de','Donald','Schutt','North America','Canada'
1989,'Annie Cruz','AnnieCruz7696@einrot.com','Annie','Cruz','North America','Canada'
1990,'Sarah Sherman','SarahSherman4459@einrot.ca','Sarah','Sherman','North America','Canada'
1991,'Max Olds','MaxOlds5570@gustr.com','Max','Olds','North America','Canada'
1992,'Alfred Ragland','AlfredRagland4548@gustr.com','Alfred','Ragland','North America','Canada'
1993,'Gina Mundo','GinaMundo2625@cuvox.de','Gina','Mundo','North America','Canada'
1994,'Nicole Knudsen','NicoleKnudsen4309@dayrep.com','Nicole','Knudsen','North America','Canada'
1995,'Jacques Gray','JacquesGray145@gustr.com','Jacques','Gray','North America','Canada'
1996,'Todd Tanner','ToddTanner1279@cuvox.de','Todd','Tanner','North America','Canada'
1997,'Gerald Stuart','GeraldStuart3353@superrito.com','Gerald','Stuart','North America','Canada'
1998,'Joyce Romero','JoyceRomero6798@gustr.com','Joyce','Romero','North America','Canada'
1999,'Donna Joslin','DonnaJoslin4874@teleworm.us','Donna','Joslin','North America','Canada'
2000,'Nick Vazquez','NickVazquez660@einrot.com','Nick','Vazquez','North America','Canada'
2001,'John Smith','JohnSmith7513@cuvox.de','John','Smith','North America','Canada'
2002,'Vera Gonzalez','VeraGonzalez9479@gustr.com','Vera','Gonzalez','North America','Canada'
2003,'Robert Steffen','RobertSteffen6424@teleworm.us','Robert','Steffen','North America','Canada'
2004,'Helene Mayberry','HeleneMayberry7597@cuvox.de','Helene','Mayberry','North America','Canada'
2005,'Leon Smith','LeonSmith9437@armyspy.com','Leon','Smith','North America','Canada'
2006,'Thomas Campbell','ThomasCampbell4847@cuvox.de','Thomas','Campbell','North America','Canada'
2007,'Scott Dupre','ScottDupre3848@cuvox.de','Scott','Dupre','North America','Canada'
2008,'Antonio Quinn','AntonioQuinn3322@superrito.com','Antonio','Quinn','North America','Canada'
2009,'Lewis Adkins','LewisAdkins5180@jourrapide.ca','Lewis','Adkins','North America','Canada'
2010,'Joshua Wray','JoshuaWray2604@armyspy.com','Joshua','Wray','North America','Canada'
2011,'Clarence Withrow','ClarenceWithrow8796@gustr.com','Clarence','Withrow','North America','Canada'
2012,'Richard Choate','RichardChoate2439@jourrapide.com','Richard','Choate','North America','Canada'
2013,'Barbara McCurdy','BarbaraMcCurdy2013@armyspy.com','Barbara','McCurdy','North America','Canada'
2017,'Ellen Garcia','EllenGarcia7493@gustr.com','Ellen','Garcia','North America','Canada'
2018,'Guy Handy','GuyHandy7216@cuvox.de','Guy','Handy','North America','Canada'
2019,'Christina Hillard','ChristinaHillard5259@rhyta.com','Christina','Hillard','North America','Canada'
2020,'Sharon Herrera','SharonHerrera2562@dayrep.com','Sharon','Herrera','North America','Canada'
2021,'Rosa Nelson','RosaNelson2556@rhyta.com','Rosa','Nelson','North America','Canada'
2022,'Lula Pyron','LulaPyron7291@rhyta.com','Lula','Pyron','North America','Canada'
2023,'Joel Lynch','JoelLynch7360@dayrep.com','Joel','Lynch','North America','Canada'
2024,'Timmy Green','TimmyGreen4736@cuvox.de','Timmy','Green','North America','Canada'
2025,'Sandra Weis','SandraWeis2882@gustr.ca','Sandra','Weis','North America','Canada'
2026,'Libby Milliken','LibbyMilliken1862@cuvox.de','Libby','Milliken','North America','Canada'
2027,'Donnie Jackson','DonnieJackson5799@cuvox.de','Donnie','Jackson','North America','Canada'
2028,'Hillary McIntosh','HillaryMcIntosh8488@armyspy.com','Hillary','McIntosh','North America','Canada'
2029,'Grace Lindsey','GraceLindsey5504@armyspy.com','Grace','Lindsey','North America','Canada'
2030,'Mildred Padilla','MildredPadilla449@einrot.com','Mildred','Padilla','North America','Canada'
2031,'Timothy Woodcock','TimothyWoodcock9246@gustr.com','Timothy','Woodcock','North America','Canada'
2032,'Elizabeth Bailey','ElizabethBailey1484@gustr.ca','Elizabeth','Bailey','North America','Canada'
2033,'Thomas Conder','ThomasConder6330@armyspy.com','Thomas','Conder','North America','Canada'
2034,'Michael Norcross','MichaelNorcross4448@superrito.com','Michael','Norcross','North America','Canada'
2035,'Diane McCray','DianeMcCray5686@dayrep.com','Diane','McCray','North America','Canada'
2036,'George Burgess','GeorgeBurgess9973@cuvox.de','George','Burgess','North America','Canada'
2037,'Jose Hundley','JoseHundley544@dayrep.com','Jose','Hundley','North America','Canada'
2038,'Jose Cooper','JoseCooper953@teleworm.us','Jose','Cooper','North America','Canada'
2039,'Scott Thacker','ScottThacker6293@teleworm.us','Scott','Thacker','North America','Canada'
2040,'Samuel Gross','SamuelGross2729@cuvox.de','Samuel','Gross','North America','Canada'
2041,'Donald Hansel','DonaldHansel3757@einrot.com','Donald','Hansel','North America','Canada'
2042,'Leticia Morrison','LeticiaMorrison7710@gustr.com','Leticia','Morrison','North America','Canada'
2043,'William Brooker','WilliamBrooker8987@gustr.com','William','Brooker','North America','Canada'
2044,'Melanie Sandiford','MelanieSandiford3126@armyspy.com','Melanie','Sandiford','North America','Canada'
2045,'Lily Mitchell','LilyMitchell3673@dayrep.com','Lily','Mitchell','North America','Canada'
2046,'Edith Bear','EdithBear146@armyspy.com','Edith','Bear','North America','Canada'
2047,'Scott Molinar','ScottMolinar2788@gustr.ca','Scott','Molinar','North America','Canada'
2048,'Michelle Hahn','MichelleHahn7818@dayrep.ca','Michelle','Hahn','North America','Canada'
2049,'Reginald Pierce','ReginaldPierce7692@teleworm.us','Reginald','Pierce','North America','Canada'
2050,'Joyce Aponte','JoyceAponte9427@teleworm.us','Joyce','Aponte','North America','Canada'
2051,'Thomas Theis','ThomasTheis6676@cuvox.de','Thomas','Theis','North America','Canada'
2052,'Richard Timpson','RichardTimpson8512@superrito.com','Richard','Timpson','North America','Canada'
2053,'Carl Washington','CarlWashington597@superrito.com','Carl','Washington','North America','Canada'
2054,'Jerry Barker','JerryBarker9794@cuvox.de','Jerry','Barker','North America','Canada'
2055,'Michele Downs','MicheleDowns8990@dayrep.com','Michele','Downs','North America','Canada'
2056,'Margaret Humiston','MargaretHumiston490@teleworm.us','Margaret','Humiston','North America','Canada'
2057,'Christine Key','ChristineKey4068@einrot.com','Christine','Key','North America','Canada'
2058,'Edward Hill','EdwardHill3184@einrot.com','Edward','Hill','North America','Canada'
2059,'Angelique Roberson','AngeliqueRoberson9562@dayrep.com','Angelique','Roberson','North America','Canada'
2060,'Billie Alba','BillieAlba6505@superrito.com','Billie','Alba','North America','Canada'
2061,'Mary Lacy','MaryLacy3662@superrito.com','Mary','Lacy','North America','Canada'
2062,'Monica Morel','MonicaMorel2742@superrito.com','Monica','Morel','North America','Canada'
2063,'William Crossman','WilliamCrossman4679@rhyta.com','William','Crossman','North America','Canada'
2064,'Sammy Ellis','SammyEllis5100@dayrep.com','Sammy','Ellis','North America','Canada'
2065,'Mary Jordan','MaryJordan9960@teleworm.ca','Mary','Jordan','North America','Canada'
2066,'Albert Webb','AlbertWebb3954@superrito.ca','Albert','Webb','North America','Canada'
2067,'Dennis Walker','DennisWalker6758@rhyta.com','Dennis','Walker','North America','Canada'
2068,'Ryan Moore','RyanMoore4787@rhyta.com','Ryan','Moore','North America','Canada'
2069,'Cornelius Sanders','CorneliusSanders5359@gustr.com','Cornelius','Sanders','North America','Canada'
2070,'Ken Gann','KenGann9982@dayrep.com','Ken','Gann','North America','Canada'
2071,'Jackie Odea','JackieOdea2092@jourrapide.com','Jackie','Odea','North America','Canada'
2072,'Elmer Six','ElmerSix7924@superrito.com','Elmer','Six','North America','Canada'
2073,'Bessie Rhea','BessieRhea4713@teleworm.us','Bessie','Rhea','North America','Canada'
2074,'Judy Whipple','JudyWhipple5855@dayrep.com','Judy','Whipple','North America','Canada'
2075,'Jose Little','JoseLittle3744@dayrep.com','Jose','Little','North America','Canada'
2076,'Kenneth Morris','KennethMorris6915@rhyta.com','Kenneth','Morris','North America','Canada'
2077,'Kaitlin Chandler','KaitlinChandler4041@cuvox.de','Kaitlin','Chandler','North America','United States'
2078,'Mindy Turner','MindyTurner2769@superrito.com','Mindy','Turner','North America','Canada'
2079,'Bronwyn Sawyers','BronwynSawyers1276@einrot.ca','Bronwyn','Sawyers','North America','Canada'
2080,'David Fernandez','DavidFernandez6161@superrito.com','David','Fernandez','North America','Canada'
2081,'James Alcantara','JamesAlcantara2484@dayrep.com','James','Alcantara','North America','Canada'
2082,'Jeffrey Bray','JeffreyBray7166@rhyta.com','Jeffrey','Bray','North America','Canada'
2083,'Cathrine Ford','CathrineFord8389@superrito.com','Cathrine','Ford','North America','Canada'
2084,'Marc Hall','MarcHall3387@rhyta.com','Marc','Hall','North America','Canada'
2085,'Delbert Poirier','DelbertPoirier2425@dayrep.com','Delbert','Poirier','North America','Canada'
2086,'Maxie Clapper','MaxieClapper9119@cuvox.de','Maxie','Clapper','North America','Canada'
2087,'Charles Barraza','CharlesBarraza2882@jourrapide.com','Charles','Barraza','North America','Canada'
2088,'Kenneth Sibley','KennethSibley8468@gustr.com','Kenneth','Sibley','North America','Canada'
2089,'Christopher McKee','ChristopherMcKee1914@cuvox.de','Christopher','McKee','North America','Canada'
2090,'William Connolly','WilliamConnolly5171@superrito.com','William','Connolly','North America','United States'
2091,'Gus Brown','GusBrown9121@superrito.com','Gus','Brown','North America','Canada'
2092,'Belva Jenkins','BelvaJenkins1679@jourrapide.com','Belva','Jenkins','North America','Canada'
2093,'Troy Bender','TroyBender7652@jourrapide.com','Troy','Bender','North America','Canada'
2094,'Philip Graves','PhilipGraves8364@einrot.com','Philip','Graves','North America','Canada'
2095,'Mary Campbell','MaryCampbell6974@rhyta.com','Mary','Campbell','North America','Canada'
2096,'Willow Mick','WillowMick3541@gustr.com','Willow','Mick','North America','Canada'
2097,'Rebecca Cassell','RebeccaCassell1809@gustr.com','Rebecca','Cassell','North America','Canada'
2098,'Frank Pate','FrankPate9545@dayrep.com','Frank','Pate','North America','Canada'
2099,'Brett Ibarra','BrettIbarra8861@einrot.com','Brett','Ibarra','North America','Canada'
2100,'Carlos McCormick','CarlosMcCormick3148@einrot.com','Carlos','McCormick','North America','Canada'
2101,'Alejandro Vargas','AlejandroVargas8163@armyspy.ca','Alejandro','Vargas','North America','Canada'
2102,'Beverly Gunter','BeverlyGunter5503@armyspy.com','Beverly','Gunter','North America','Canada'
2103,'Craig Galvin','CraigGalvin3386@gustr.com','Craig','Galvin','North America','Canada'
2104,'Lorna Feaster','LornaFeaster3637@gustr.com','Lorna','Feaster','North America','Canada'
2105,'Florence Sabin','FlorenceSabin2554@jourrapide.com','Florence','Sabin','North America','Canada'
2106,'Laura Shaw','LauraShaw8753@gustr.com','Laura','Shaw','North America','Canada'
2107,'Adam Fogle','AdamFogle2855@teleworm.ca','Adam','Fogle','North America','Canada'
2108,'Wanda Kennamer','WandaKennamer677@rhyta.com','Wanda','Kennamer','North America','Canada'
2109,'Jon Brown','JonBrown4866@einrot.com','Jon','Brown','North America','Canada'
2110,'Alvin Hammond','AlvinHammond4358@rhyta.com','Alvin','Hammond','North America','Canada'
2111,'William Salgado','WilliamSalgado2759@rhyta.com','William','Salgado','North America','Canada'
2112,'Charles Barron','CharlesBarron5741@cuvox.de','Charles','Barron','North America','Canada'
2113,'Stephen Sumrall','StephenSumrall9926@gustr.com','Stephen','Sumrall','North America','Canada'
2114,'Carole Duhart','CaroleDuhart4800@teleworm.us','Carole','Duhart','North America','Canada'
2115,'Maria Nguyen','MariaNguyen4554@rhyta.com','Maria','Nguyen','North America','Canada'
2116,'Stacie Moody','StacieMoody7486@superrito.com','Stacie','Moody','North America','Canada'
2117,'Tina Lampkins','TinaLampkins5564@cuvox.de','Tina','Lampkins','North America','Canada'
2118,'Raymond Eubanks','RaymondEubanks3855@teleworm.us','Raymond','Eubanks','North America','Canada'
2119,'Timothy Silva','TimothySilva9182@cuvox.de','Timothy','Silva','North America','Canada'
2120,'Katrina Newland','KatrinaNewland5122@teleworm.us','Katrina','Newland','North America','Canada'
2121,'Leona Dietrick','LeonaDietrick3046@armyspy.com','Leona','Dietrick','North America','Canada'
2122,'April Rodriguez','AprilRodriguez2228@cuvox.de','April','Rodriguez','North America','Canada'
2123,'Daniel Martin','DanielMartin3654@rhyta.com','Daniel','Martin','North America','Canada'
2124,'Allison Bump','AllisonBump5200@einrot.com','Allison','Bump','North America','Canada'
2125,'Mary Soares','MarySoares8347@cuvox.de','Mary','Soares','North America','Canada'
2126,'Dan Santiago','DanSantiago5803@superrito.com','Dan','Santiago','North America','Canada'
2127,'Gladys Desmarais','GladysDesmarais402@jourrapide.com','Gladys','Desmarais','North America','Canada'
2128,'Michelle Brooks','MichelleBrooks216@rhyta.ca','Michelle','Brooks','North America','Canada'
2129,'Christopher Williams','ChristopherWilliams9893@cuvox.ca','Christopher','Williams','North America','Canada'
2130,'Frances Gibbs','FrancesGibbs1798@einrot.com','Frances','Gibbs','North America','Canada'
2131,'Gilberto Ingram','GilbertoIngram5600@rhyta.com','Gilberto','Ingram','North America','Canada'
2132,'Catherine Smith','CatherineSmith6268@dayrep.com','Catherine','Smith','North America','Canada'
2133,'Mary Miller','MaryMiller8108@jourrapide.com','Mary','Miller','North America','Canada'
2134,'Florence Jenkins','FlorenceJenkins889@einrot.com','Florence','Jenkins','North America','Canada'
2135,'Jose Taylor','JoseTaylor6709@einrot.com','Jose','Taylor','North America','Canada'
2136,'Evelyn Williams','EvelynWilliams5644@rhyta.com','Evelyn','Williams','North America','Canada'
2137,'Joe Gutierrez','JoeGutierrez1558@cuvox.de','Joe','Gutierrez','North America','Canada'
2138,'Andrea Selby','AndreaSelby2954@superrito.com','Andrea','Selby','North America','Canada'
2139,'Bradley Baldwin','BradleyBaldwin4732@teleworm.us','Bradley','Baldwin','North America','Canada'
2140,'Craig Galvin','CraigGalvin3736@gustr.com','Craig','Galvin','North America','Canada'
2141,'Mary Kaplan','MaryKaplan307@rhyta.com','Mary','Kaplan','North America','Canada'
2142,'Jon Meacham','JonMeacham6855@gustr.com','Jon','Meacham','North America','Canada'
2143,'Shirley Searles','ShirleySearles562@armyspy.ca','Shirley','Searles','North America','Canada'
2144,'Elinor Thompson','ElinorThompson1355@superrito.com','Elinor','Thompson','North America','Canada'
2145,'Latonya Taylor','LatonyaTaylor6389@dayrep.com','Latonya','Taylor','North America','Canada'
2146,'Danny Bloom','DannyBloom2470@rhyta.ca','Danny','Bloom','North America','Canada'
2147,'Corinne Gupta','CorinneGupta9335@gustr.com','Corinne','Gupta','North America','Canada'
2148,'Elvira Washington','ElviraWashington1114@teleworm.us','Elvira','Washington','North America','Canada'
2149,'Kathryn Jefferson','KathrynJefferson7316@armyspy.com','Kathryn','Jefferson','North America','Canada'
2150,'Lorenzo Rice','LorenzoRice6050@jourrapide.com','Lorenzo','Rice','North America','Canada'
2151,'Michael Walker','MichaelWalker6031@einrot.com','Michael','Walker','North America','Canada'
2152,'Kevin Domenico','KevinDomenico4253@rhyta.com','Kevin','Domenico','North America','Canada'
2153,'Ronnie Donahoe','RonnieDonahoe6280@gustr.com','Ronnie','Donahoe','North America','Canada'
2154,'Debra Rogue','DebraRogue9758@dayrep.com','Debra','Rogue','North America','Canada'
2155,'Mark Lemon','MarkLemon8780@einrot.com','Mark','Lemon','North America','Canada'
2156,'Barbara Curry','BarbaraCurry4396@gustr.com','Barbara','Curry','North America','Canada'
2157,'Micheal Day','MichealDay2288@rhyta.com','Micheal','Day','North America','Canada'
2158,'Norma Brownlee','NormaBrownlee3469@rhyta.com','Norma','Brownlee','North America','Canada'
2159,'Gloria Chism','GloriaChism8807@jourrapide.com','Gloria','Chism','North America','Canada'
2160,'Sarah Evans','SarahEvans6601@armyspy.com','Sarah','Evans','North America','Canada'
2161,'Carlos Leonard','CarlosLeonard3710@jourrapide.com','Carlos','Leonard','North America','Canada'
2162,'Scott Lemay','ScottLemay9014@einrot.com','Scott','Lemay','North America','Canada'
2163,'Anna Bowers','AnnaBowers6884@gustr.com','Anna','Bowers','North America','Canada'
2164,'Helen Dearborn','HelenDearborn9834@gustr.com','Helen','Dearborn','North America','Canada'
2165,'Cecil Landry','CecilLandry8623@teleworm.us','Cecil','Landry','North America','Canada'
2166,'Lisa Gay','LisaGay1441@dayrep.com','Lisa','Gay','North America','Canada'
2167,'Philip Loeffler','PhilipLoeffler1546@dayrep.com','Philip','Loeffler','North America','Canada'
2168,'Dana McKim','DanaMcKim1735@cuvox.de','Dana','McKim','North America','Canada'
2169,'Charles Watson','CharlesWatson4579@cuvox.de','Charles','Watson','North America','Canada'
2170,'Nancy Walters','NancyWalters9959@gustr.com','Nancy','Walters','North America','Canada'
2171,'Christine Anderson','ChristineAnderson9886@armyspy.com','Christine','Anderson','North America','Canada'
2172,'Jerry Downing','JerryDowning2300@cuvox.de','Jerry','Downing','North America','Canada'
2173,'Mary Ford','MaryFord7704@jourrapide.com','Mary','Ford','North America','Canada'
2174,'John Thompson','JohnThompson4151@teleworm.us','John','Thompson','North America','Canada'
2175,'Brenda Montoya','BrendaMontoya65@teleworm.us','Brenda','Montoya','North America','United States'
2176,'Katherine Burgess','KatherineBurgess8816@armyspy.com','Katherine','Burgess','North America','Canada'
2177,'Anna Owens','AnnaOwens7305@rhyta.com','Anna','Owens','North America','Canada'
2178,'Carrie Cook','CarrieCook1199@superrito.com','Carrie','Cook','North America','Canada'
2179,'Janice Chase','JaniceChase8793@jourrapide.com','Janice','Chase','North America','Canada'
2180,'Scott Blecha','ScottBlecha5574@teleworm.us','Scott','Blecha','North America','Canada'
2181,'Edith Bear','EdithBear1716@armyspy.com','Edith','Bear','North America','Canada'
2182,'George Hall','GeorgeHall4038@jourrapide.com','George','Hall','North America','Canada'
2183,'Garry Graham','GarryGraham2170@armyspy.com','Garry','Graham','North America','Canada'
2184,'Frances Gibbs','FrancesGibbs1090@einrot.com','Frances','Gibbs','North America','Canada'
2185,'Sarah Hathaway','SarahHathaway9014@superrito.com','Sarah','Hathaway','North America','Canada'
2186,'William Rojas','WilliamRojas6227@dayrep.com','William','Rojas','North America','Canada'
2187,'Lamont Turner','LamontTurner6608@einrot.com','Lamont','Turner','North America','Canada'
2188,'Bette Talbot','BetteTalbot3244@jourrapide.com','Bette','Talbot','North America','Canada'
2189,'Marc Howse','MarcHowse8409@armyspy.com','Marc','Howse','North America','Canada'
2190,'Alberto Rodriguez','AlbertoRodriguez7487@rhyta.com','Alberto','Rodriguez','North America','Canada'
2191,'Fred Savala','FredSavala4433@einrot.com','Fred','Savala','North America','Canada'
2192,'Ellan Blalock','EllanBlalock8658@rhyta.com','Ellan','Blalock','North America','Canada'
2193,'Anita Lowenthal','AnitaLowenthal5836@armyspy.ca','Anita','Lowenthal','North America','Canada'
2194,'Nancy Ramirez','NancyRamirez1454@jourrapide.ca','Nancy','Ramirez','North America','Canada'
2195,'Justin Shiner','JustinShiner272@cuvox.ca','Justin','Shiner','North America','Canada'
2196,'Ken Mendoza','KenMendoza2418@armyspy.com','Ken','Mendoza','North America','Canada'
2197,'Ann Hubbard','AnnHubbard22@gustr.ca','Ann','Hubbard','North America','Canada'
2198,'Mary Wright','MaryWright743@armyspy.com','Mary','Wright','North America','Canada'
2199,'Jennifer Hopkins','JenniferHopkins1361@rhyta.com','Jennifer','Hopkins','North America','Canada'
2200,'Josephine Tillman','JosephineTillman5363@einrot.com','Josephine','Tillman','North America','Canada'
2201,'Monica Armstrong','MonicaArmstrong3506@rhyta.com','Monica','Armstrong','North America','Canada'
2202,'Tami Bentley','TamiBentley5927@dayrep.com','Tami','Bentley','North America','Canada'
2203,'Oleta Meraz','OletaMeraz548@teleworm.us','Oleta','Meraz','North America','Canada'
2205,'Frances Wagner','FrancesWagner9971@rhyta.com','Frances','Wagner','North America','Canada'
2206,'Rea Ruffin','ReaRuffin6554@superrito.com','Rea','Ruffin','North America','Canada'
2207,'Catherine Gumm','CatherineGumm8833@einrot.com','Catherine','Gumm','North America','Canada'
2208,'Antonio Boren','AntonioBoren5815@gustr.ca','Antonio','Boren','North America','Canada'
2209,'Dorothy Meraz','DorothyMeraz6600@jourrapide.com','Dorothy','Meraz','North America','Canada'
2210,'Agnes Hawkins','AgnesHawkins3151@cuvox.de','Agnes','Hawkins','North America','Canada'
2211,'Richard Choate','RichardChoate9138@jourrapide.com','Richard','Choate','North America','Canada'
2212,'Dianne Henderson','DianneHenderson5154@rhyta.ca','Dianne','Henderson','North America','Canada'
2214,'Dorethea Butler','DoretheaButler3227@armyspy.com','Dorethea','Butler','North America','Canada'
2215,'Wayne Sadowski','WayneSadowski4928@teleworm.us','Wayne','Sadowski','North America','Canada'
2216,'Diana Smith','DianaSmith285@einrot.com','Diana','Smith','North America','Canada'
2217,'Linda Graves','LindaGraves5018@gustr.com','Linda','Graves','North America','Canada'
2218,'Michael Shade','MichaelShade1306@gustr.com','Michael','Shade','North America','Canada'
2219,'Tommy Morgan','TommyMorgan4776@armyspy.com','Tommy','Morgan','North America','Canada'
2220,'Betty Hawks','BettyHawks1362@dayrep.com','Betty','Hawks','North America','Canada'
2221,'Jacqueline Smith','JacquelineSmith966@rhyta.com','Jacqueline','Smith','North America','Canada'
2222,'Norma Boyd','NormaBoyd4835@teleworm.us','Norma','Boyd','North America','Canada'
2223,'Mary Davis','MaryDavis2977@dayrep.com','Mary','Davis','North America','Canada'
2224,'Beth Moore','BethMoore427@rhyta.com','Beth','Moore','North America','Canada'
2225,'Noah Deschenes','NoahDeschenes1246@einrot.com','Noah','Deschenes','North America','Canada'
2226,'Kathleen Cody','KathleenCody4119@rhyta.com','Kathleen','Cody','North America','Canada'
2227,'William Watson','WilliamWatson4284@rhyta.com','William','Watson','North America','Canada'
2228,'Bryan Brown','BryanBrown9845@jourrapide.com','Bryan','Brown','North America','Canada'
2229,'Kimberly Brown','KimberlyBrown2960@teleworm.us','Kimberly','Brown','North America','Canada'
2230,'Alberto Schneider','AlbertoSchneider4498@cuvox.de','Alberto','Schneider','North America','Canada'
2231,'Sarah Curry','SarahCurry7485@armyspy.com','Sarah','Curry','North America','Canada'
2232,'Saul Humble','SaulHumble9670@jourrapide.com','Saul','Humble','North America','United States'
2233,'Margaret Orr','MargaretOrr1798@jourrapide.com','Margaret','Orr','North America','Canada'
2234,'Patricia Harris','PatriciaHarris5809@cuvox.de','Patricia','Harris','North America','Canada'
2235,'Ray McGehee','RayMcGehee8188@rhyta.com','Ray','McGehee','North America','Canada'
2236,'Earnest Smith','EarnestSmith7772@armyspy.com','Earnest','Smith','North America','Canada'
2237,'Michael Doyle','MichaelDoyle251@superrito.com','Michael','Doyle','North America','Canada'
2238,'Scott Pyle','ScottPyle9821@gustr.com','Scott','Pyle','North America','Canada'
2239,'Patricia Baumgart','PatriciaBaumgart9517@superrito.com','Patricia','Baumgart','North America','United States'
2240,'James Littlejohn','JamesLittlejohn3764@cuvox.de','James','Littlejohn','North America','United States'
2241,'Shawn Randolph','ShawnRandolph1767@einrot.com','Shawn','Randolph','North America','Canada'
2242,'Elena Richter','ElenaRichter7258@cuvox.de','Elena','Richter','North America','United States'
2243,'Franklin Greenfield','FranklinGreenfield851@teleworm.us','Franklin','Greenfield','North America','Canada'
2244,'Manuel Keys','ManuelKeys4112@teleworm.us','Manuel','Keys','North America','Canada'
2245,'Kevin Domenico','KevinDomenico9912@rhyta.com','Kevin','Domenico','North America','Canada'
2246,'Lacie Valdez','LacieValdez7680@armyspy.com','Lacie','Valdez','North America','Canada'
2247,'Cathleen Graham','CathleenGraham2877@dayrep.com','Cathleen','Graham','North America','Canada'
2248,'Lynn Hynes','LynnHynes9706@armyspy.com','Lynn','Hynes','North America','Canada'
2249,'Carla Angulo','CarlaAngulo5152@superrito.com','Carla','Angulo','North America','Canada'
2250,'Patricia Vang','PatriciaVang8064@einrot.com','Patricia','Vang','North America','Canada'
2251,'Viola Jones','ViolaJones9241@einrot.com','Viola','Jones','North America','Canada'
2252,'Robert Gee','RobertGee6284@jourrapide.com','Robert','Gee','North America','Canada'
2253,'John Lewis','JohnLewis7636@jourrapide.com','John','Lewis','North America','United States'
2254,'Maria Faulkner','MariaFaulkner7125@gustr.com','Maria','Faulkner','North America','United States'
2255,'Judy Bombardier','JudyBombardier6821@einrot.com','Judy','Bombardier','North America','United States'
2256,'Shawnda Muniz','ShawndaMuniz2231@armyspy.com','Shawnda','Muniz','North America','United States'
2257,'John Moyer','JohnMoyer2425@teleworm.us','John','Moyer','North America','United States'
2258,'Rogelio Ayala','RogelioAyala6959@einrot.com','Rogelio','Ayala','North America','United States'
2259,'Frank Moreland','FrankMoreland6286@armyspy.com','Frank','Moreland','North America','United States'
2260,'Dustin Chambers','DustinChambers6072@dayrep.com','Dustin','Chambers','North America','United States'
2261,'Liz Miller','LizMiller373@einrot.com','Liz','Miller','North America','United States'
2262,'David Fournier','DavidFournier4557@rhyta.com','David','Fournier','North America','United States'
2263,'Gary Escamilla','GaryEscamilla5316@rhyta.com','Gary','Escamilla','North America','United States'
2264,'Gilbert Hale','GilbertHale8777@jourrapide.com','Gilbert','Hale','North America','United States'
2265,'Lidia Hamilton','LidiaHamilton3793@teleworm.us','Lidia','Hamilton','North America','United States'
2266,'Erline McNicholas','ErlineMcNicholas6254@jourrapide.com','Erline','McNicholas','North America','United States'
2267,'Jose Pennington','JosePennington3576@armyspy.com','Jose','Pennington','North America','United States'
2268,'Kathaleen Pagan','KathaleenPagan5730@einrot.com','Kathaleen','Pagan','North America','United States'
2269,'Melissa Chavez','MelissaChavez8494@einrot.com','Melissa','Chavez','North America','United States'
2270,'Betsy Corcoran','BetsyCorcoran2148@armyspy.com','Betsy','Corcoran','North America','United States'
2271,'Ardis Carrigan','ArdisCarrigan1889@teleworm.us','Ardis','Carrigan','North America','United States'
2272,'Betty Henderson','BettyHenderson3170@armyspy.com','Betty','Henderson','North America','United States'
2273,'Ethel Patrick','EthelPatrick3212@cuvox.de','Ethel','Patrick','North America','United States'
2274,'Carla Nickerson','CarlaNickerson8337@jourrapide.com','Carla','Nickerson','North America','United States'
2275,'Clyde McBride','ClydeMcBride7165@jourrapide.com','Clyde','McBride','North America','United States'
2276,'Joe Gallegos','JoeGallegos2561@cuvox.de','Joe','Gallegos','North America','United States'
2277,'Brian Schultz','BrianSchultz2880@superrito.com','Brian','Schultz','North America','United States'
2278,'Matthew Summer','MatthewSummer7026@gustr.com','Matthew','Summer','North America','United States'
2279,'Marvin Bartley','MarvinBartley7773@jourrapide.com','Marvin','Bartley','North America','United States'
2280,'Tony Meek','TonyMeek4346@jourrapide.com','Tony','Meek','North America','United States'
2281,'Dana Huber','DanaHuber7811@einrot.com','Dana','Huber','North America','United States'
2282,'Francis Sanders','FrancisSanders745@rhyta.com','Francis','Sanders','North America','United States'
2283,'John Runner','JohnRunner5472@superrito.com','John','Runner','North America','United States'
2284,'Shirley Pride','ShirleyPride2950@einrot.com','Shirley','Pride','North America','United States'
2285,'Stacy Martin','StacyMartin6015@superrito.com','Stacy','Martin','North America','United States'
2286,'Renee Morgan','ReneeMorgan2667@cuvox.de','Renee','Morgan','North America','United States'
2287,'Tiffany Schneider','TiffanySchneider5899@jourrapide.com','Tiffany','Schneider','North America','United States'
2288,'Marie Hotchkiss','MarieHotchkiss7415@rhyta.com','Marie','Hotchkiss','North America','United States'
2289,'Peter Martin','PeterMartin37@gustr.com','Peter','Martin','North America','United States'
2290,'Nora Nevius','NoraNevius7025@jourrapide.com','Nora','Nevius','North America','United States'
2291,'Alice Parker','AliceParker3881@armyspy.com','Alice','Parker','North America','United States'
2292,'Cheryl Brown','CherylBrown9779@einrot.com','Cheryl','Brown','North America','United States'
2293,'Johnnie Carter','JohnnieCarter9476@superrito.com','Johnnie','Carter','North America','United States'
2294,'Crystal Williams','CrystalWilliams621@cuvox.de','Crystal','Williams','North America','United States'
2295,'John Young','JohnYoung721@rhyta.com','John','Young','North America','United States'
2296,'Jean Henderson','JeanHenderson3235@jourrapide.com','Jean','Henderson','North America','United States'
2297,'Kevin Stevens','KevinStevens2332@armyspy.com','Kevin','Stevens','North America','United States'
2298,'Robert Barcenas','RobertBarcenas5847@dayrep.com','Robert','Barcenas','North America','United States'
2299,'Deborah Hedden','DeborahHedden3227@superrito.com','Deborah','Hedden','North America','United States'
2300,'Amy Pettway','AmyPettway3570@superrito.com','Amy','Pettway','North America','United States'
2301,'John Janes','JohnJanes335@cuvox.de','John','Janes','North America','United States'
2302,'Sarah Tucker','SarahTucker653@gustr.com','Sarah','Tucker','North America','United States'
2303,'Robin Evans','RobinEvans9285@gustr.com','Robin','Evans','North America','United States'
2304,'Adam Looney','AdamLooney9754@jourrapide.com','Adam','Looney','North America','United States'
2305,'Kristen Kelley','KristenKelley364@jourrapide.com','Kristen','Kelley','North America','United States'
2306,'Josephine Wood','JosephineWood9216@rhyta.com','Josephine','Wood','North America','United States'
2307,'Frederick Caffee','FrederickCaffee4865@dayrep.com','Frederick','Caffee','North America','United States'
2308,'Carlyn Snedeker','CarlynSnedeker2656@gustr.com','Carlyn','Snedeker','North America','United States'
2309,'Eric Hobbs','EricHobbs9306@rhyta.com','Eric','Hobbs','North America','United States'
2310,'Edwin Wise','EdwinWise4431@einrot.com','Edwin','Wise','North America','United States'
2311,'Ellen Smith','EllenSmith2943@teleworm.us','Ellen','Smith','North America','United States'
2312,'Kenneth McLean','KennethMcLean8154@dayrep.com','Kenneth','McLean','North America','United States'
2313,'Kevin Hewlett','KevinHewlett926@superrito.com','Kevin','Hewlett','North America','United States'
2314,'Richard Soto','RichardSoto3717@jourrapide.com','Richard','Soto','North America','United States'
2315,'Jeane Parker','JeaneParker3915@armyspy.com','Jeane','Parker','North America','United States'
2316,'Jo May','JoMay8148@dayrep.com','Jo','May','North America','United States'
2317,'Sandra Kinch','SandraKinch5355@jourrapide.com','Sandra','Kinch','North America','United States'
2318,'Fern McVeigh','FernMcVeigh1766@jourrapide.com','Fern','McVeigh','North America','United States'
2319,'Michael Lange','MichaelLange807@superrito.com','Michael','Lange','North America','United States'
2320,'Ricardo Rocha','RicardoRocha6850@superrito.com','Ricardo','Rocha','North America','United States'
2321,'Mark Dawson','MarkDawson9018@superrito.com','Mark','Dawson','North America','United States'
2322,'Carl Yarbro','CarlYarbro4583@teleworm.us','Carl','Yarbro','North America','United States'
2323,'Robert Calvert','RobertCalvert454@gustr.com','Robert','Calvert','North America','United States'
2324,'Renee Fuller','ReneeFuller8579@einrot.com','Renee','Fuller','North America','United States'
2325,'Nathaniel Davis','NathanielDavis3339@armyspy.com','Nathaniel','Davis','North America','United States'
2326,'Nathan Mathews','NathanMathews5127@einrot.com','Nathan','Mathews','North America','United States'
2327,'Laurie Jimmerson','LaurieJimmerson2943@rhyta.com','Laurie','Jimmerson','North America','United States'
2328,'Adam Burnette','AdamBurnette1619@cuvox.de','Adam','Burnette','North America','United States'
2329,'Jesus Eisenhart','JesusEisenhart2615@teleworm.us','Jesus','Eisenhart','North America','United States'
2330,'Stephan Lea','StephanLea5643@armyspy.com','Stephan','Lea','North America','United States'
2331,'Helen Hinson','HelenHinson9638@dayrep.com','Helen','Hinson','North America','United States'
2332,'Erma Stone','ErmaStone9122@armyspy.com','Erma','Stone','North America','United States'
2333,'Lindsey Rice','LindseyRice3540@rhyta.com','Lindsey','Rice','North America','United States'
2334,'Erica Nuckols','EricaNuckols4016@dayrep.com','Erica','Nuckols','North America','United States'
2335,'Henry Zell','HenryZell5837@armyspy.com','Henry','Zell','North America','United States'
2336,'Noel Lorentzen','NoelLorentzen4158@gustr.com','Noel','Lorentzen','North America','United States'
2337,'Edward Blake','EdwardBlake5786@cuvox.de','Edward','Blake','North America','United States'
2338,'Lindsay Edwards','LindsayEdwards5314@einrot.com','Lindsay','Edwards','North America','United States'
2339,'Daniel Carter','DanielCarter5225@gustr.com','Daniel','Carter','North America','United States'
2340,'Charles Burks','CharlesBurks8956@armyspy.com','Charles','Burks','North America','United States'
2341,'James Kunz','JamesKunz8973@teleworm.us','James','Kunz','North America','United States'
2342,'Karina Cain','KarinaCain5901@jourrapide.com','Karina','Cain','North America','United States'
2343,'Gerald Pitzer','GeraldPitzer9442@einrot.com','Gerald','Pitzer','North America','United States'
2344,'Jackie Sharer','JackieSharer8566@rhyta.com','Jackie','Sharer','North America','United States'
2345,'Carlos Guerrero','CarlosGuerrero1761@jourrapide.com','Carlos','Guerrero','North America','United States'
2346,'David Jordan','DavidJordan9132@jourrapide.com','David','Jordan','North America','United States'
2347,'Jeff Powell','JeffPowell2469@rhyta.com','Jeff','Powell','North America','United States'
2348,'Gary Windham','GaryWindham6444@jourrapide.com','Gary','Windham','North America','United States'
2349,'Patricia McCarthy','PatriciaMcCarthy7411@jourrapide.com','Patricia','McCarthy','North America','United States'
2350,'Alina Nichols','AlinaNichols4581@superrito.com','Alina','Nichols','North America','United States'
2351,'Wendy Sanchez','WendySanchez565@einrot.com','Wendy','Sanchez','North America','United States'
2352,'Brandi Soto','BrandiSoto540@armyspy.com','Brandi','Soto','North America','United States'
2353,'Christine Kelly','ChristineKelly9518@armyspy.com','Christine','Kelly','North America','United States'
2354,'Jerry Wilson','JerryWilson5853@cuvox.de','Jerry','Wilson','North America','United States'
2355,'Charlotte Gagnon','CharlotteGagnon3151@gustr.com','Charlotte','Gagnon','North America','United States'
2356,'Lisa Mosley','LisaMosley3455@jourrapide.com','Lisa','Mosley','North America','United States'
2357,'Brooke Brown','BrookeBrown9421@jourrapide.com','Brooke','Brown','North America','United States'
2358,'Donna Todd','DonnaTodd9274@superrito.com','Donna','Todd','North America','United States'
2359,'Joseph Lambert','JosephLambert637@dayrep.com','Joseph','Lambert','North America','United States'
2360,'Corey Lewis','CoreyLewis953@jourrapide.com','Corey','Lewis','North America','United States'
2361,'Jose Ortiz','JoseOrtiz2265@jourrapide.com','Jose','Ortiz','North America','United States'
2362,'Harry Barclay','HarryBarclay8432@armyspy.com','Harry','Barclay','North America','United States'
2363,'Maria Kelley','MariaKelley5581@einrot.com','Maria','Kelley','North America','United States'
2364,'Kurtis Orr','KurtisOrr4336@gustr.com','Kurtis','Orr','North America','United States'
2365,'Mary Hurt','MaryHurt917@gustr.com','Mary','Hurt','North America','United States'
2366,'Richard Robinson','RichardRobinson104@superrito.com','Richard','Robinson','North America','United States'
2367,'David Ray','DavidRay596@dayrep.com','David','Ray','North America','Canada'
2368,'Richard Ison','RichardIson5921@jourrapide.com','Richard','Ison','North America','United States'
2369,'Brian Wood','BrianWood9328@jourrapide.com','Brian','Wood','North America','United States'
2370,'James Matta','JamesMatta6445@einrot.com','James','Matta','North America','United States'
2371,'David Barber','DavidBarber6441@einrot.com','David','Barber','North America','United States'
2372,'Roy Butler','RoyButler2329@armyspy.com','Roy','Butler','North America','United States'
2373,'Ashley Franklin','AshleyFranklin8553@einrot.com','Ashley','Franklin','North America','United States'
2374,'Kathleen Hoye','KathleenHoye7472@einrot.com','Kathleen','Hoye','North America','United States'
2375,'Larry Curry','LarryCurry4938@gustr.com','Larry','Curry','North America','United States'
2376,'Albert Rich','AlbertRich4213@gustr.com','Albert','Rich','North America','United States'
2377,'Gary Juarez','GaryJuarez8666@superrito.com','Gary','Juarez','North America','United States'
2378,'Evelyn Melton','EvelynMelton46@gustr.com','Evelyn','Melton','North America','United States'
2379,'Antwan Malec','AntwanMalec2654@jourrapide.com','Antwan','Malec','North America','United States'
2380,'David Mullinix','DavidMullinix7308@superrito.com','David','Mullinix','North America','United States'
2381,'Jerry Byrd','JerryByrd6438@gustr.com','Jerry','Byrd','North America','United States'
2382,'William Estepp','WilliamEstepp2828@einrot.com','William','Estepp','North America','United States'
2383,'Mary Derr','MaryDerr7805@teleworm.us','Mary','Derr','North America','United States'
2384,'Hans Park','HansPark7103@jourrapide.com','Hans','Park','North America','United States'
2385,'Marie Nowell','MarieNowell3655@gustr.com','Marie','Nowell','North America','United States'
2386,'William Couch','WilliamCouch6167@cuvox.de','William','Couch','North America','United States'
2387,'Scott Yu','ScottYu6895@einrot.com','Scott','Yu','North America','United States'
2388,'Ila Toney','IlaToney9922@rhyta.com','Ila','Toney','North America','United States'
2389,'Rickey Williams','RickeyWilliams7598@cuvox.de','Rickey','Williams','North America','United States'
2390,'Mike Blecha','MikeBlecha1099@armyspy.com','Mike','Blecha','North America','United States'
2391,'Darryl Poe','DarrylPoe5992@jourrapide.com','Darryl','Poe','North America','United States'
2392,'Doris Jackson','DorisJackson2128@cuvox.de','Doris','Jackson','North America','United States'
2393,'Timothy Mitchell','TimothyMitchell414@cuvox.de','Timothy','Mitchell','North America','United States'
2394,'Teddy Henry','TeddyHenry6669@teleworm.us','Teddy','Henry','North America','United States'
2395,'Joshua Murillo','JoshuaMurillo6264@superrito.com','Joshua','Murillo','North America','United States'
2396,'Casey Urso','CaseyUrso1616@rhyta.com','Casey','Urso','North America','United States'
2397,'Megan Jackson','MeganJackson4945@superrito.com','Megan','Jackson','North America','United States'
2398,'Marta Nieto','MartaNieto2163@teleworm.us','Marta','Nieto','North America','United States'
2399,'Dino McCreery','DinoMcCreery5163@superrito.com','Dino','McCreery','North America','United States'
2400,'Darryl Adamson','DarrylAdamson7764@dayrep.com','Darryl','Adamson','North America','United States'
2401,'Anthony Warren','AnthonyWarren8276@jourrapide.com','Anthony','Warren','North America','United States'
2402,'Sandra Marshall','SandraMarshall8920@cuvox.de','Sandra','Marshall','North America','United States'
2403,'Joshua Carvajal','JoshuaCarvajal3214@dayrep.com','Joshua','Carvajal','North America','United States'
2404,'Charles Flynn','CharlesFlynn3350@cuvox.de','Charles','Flynn','North America','United States'
2405,'Tiffany Smith','TiffanySmith2752@armyspy.com','Tiffany','Smith','North America','United States'
2406,'Brandon Dean','BrandonDean9271@einrot.com','Brandon','Dean','North America','United States'
2407,'Jeffrey Sexton','JeffreySexton9864@dayrep.com','Jeffrey','Sexton','North America','United States'
2408,'Frieda Coleman','FriedaColeman2543@dayrep.com','Frieda','Coleman','North America','United States'
2409,'Priscilla Turner','PriscillaTurner3477@gustr.com','Priscilla','Turner','North America','United States'
2410,'Ruby Drake','RubyDrake7236@teleworm.us','Ruby','Drake','North America','United States'
2411,'Cheryl Johnson','CherylJohnson2480@armyspy.com','Cheryl','Johnson','North America','United States'
2412,'Ashanti Cook','AshantiCook6150@einrot.com','Ashanti','Cook','North America','United States'
2413,'Gale Cloutier','GaleCloutier3796@superrito.com','Gale','Cloutier','North America','United States'
2414,'Marcos Wolfe','MarcosWolfe4009@rhyta.com','Marcos','Wolfe','North America','United States'
2415,'Shelley Grubb','ShelleyGrubb1238@armyspy.com','Shelley','Grubb','North America','United States'
2416,'Annie Lara','AnnieLara248@armyspy.com','Annie','Lara','North America','United States'
2417,'Joseph Orourke','JosephOrourke8740@teleworm.us','Joseph','Orourke','North America','United States'
2418,'Jimmy Mara','JimmyMara7348@armyspy.com','Jimmy','Mara','North America','United States'
2419,'Lisa Loving','LisaLoving6322@jourrapide.com','Lisa','Loving','North America','United States'
2420,'Sherry Field','SherryField4190@cuvox.de','Sherry','Field','North America','United States'
2421,'Jenny Creech','JennyCreech196@cuvox.de','Jenny','Creech','North America','United States'
2422,'Linda Jones','LindaJones6337@armyspy.com','Linda','Jones','North America','United States'
2423,'Linda Alexander','LindaAlexander1198@rhyta.com','Linda','Alexander','North America','United States'
2424,'Rodney Candelaria','RodneyCandelaria5949@superrito.com','Rodney','Candelaria','North America','United States'
2425,'Sandra Ward','SandraWard5007@cuvox.de','Sandra','Ward','North America','United States'
2426,'Hester Robertson','HesterRobertson94@gustr.com','Hester','Robertson','North America','United States'
2427,'John Moore','JohnMoore1109@rhyta.com','John','Moore','North America','United States'
2428,'Betty Messer','BettyMesser3026@armyspy.com','Betty','Messer','North America','United States'
2429,'Norma Breshears','NormaBreshears7924@superrito.com','Norma','Breshears','North America','United States'
2430,'Sandra Wilson','SandraWilson5682@gustr.com','Sandra','Wilson','North America','United States'
2431,'Marian Gunn','MarianGunn709@superrito.com','Marian','Gunn','North America','United States'
2432,'Kelly Helton','KellyHelton2175@jourrapide.com','Kelly','Helton','North America','United States'
2433,'Marion Burnett','MarionBurnett1056@teleworm.us','Marion','Burnett','North America','United States'
2434,'Herbert Fremont','HerbertFremont6788@einrot.com','Herbert','Fremont','North America','United States'
2435,'Kristi Ewing','KristiEwing546@armyspy.com','Kristi','Ewing','North America','United States'
2436,'William Lemus','WilliamLemus3254@teleworm.us','William','Lemus','North America','United States'
2437,'Elizabeth Mars','ElizabethMars5284@jourrapide.com','Elizabeth','Mars','North America','United States'
2438,'Patricia Estevez','PatriciaEstevez2915@jourrapide.com','Patricia','Estevez','North America','United States'
2439,'Larry Mejia','LarryMejia7244@jourrapide.com','Larry','Mejia','North America','United States'
2440,'Herbert Eddington','HerbertEddington127@cuvox.de','Herbert','Eddington','North America','United States'
2441,'Aron Roseberry','AronRoseberry7321@gustr.com','Aron','Roseberry','North America','United States'
2442,'Pat Clingerman','PatClingerman9205@cuvox.de','Pat','Clingerman','North America','United States'
2443,'Irene Moody','IreneMoody3968@gustr.com','Irene','Moody','North America','United States'
2444,'Brent Paquin','BrentPaquin3685@jourrapide.com','Brent','Paquin','North America','United States'
2445,'Donna Zavala','DonnaZavala4435@rhyta.com','Donna','Zavala','North America','United States'
2446,'Cammy Greene','CammyGreene4222@superrito.com','Cammy','Greene','North America','United States'
2447,'Madonna Irving','MadonnaIrving7010@einrot.com','Madonna','Irving','North America','United States'
2448,'Linnie Little','LinnieLittle9544@gustr.com','Linnie','Little','North America','United States'
2449,'Suzanne Hunter','SuzanneHunter779@superrito.com','Suzanne','Hunter','North America','United States'
2450,'Sharon Myers','SharonMyers996@jourrapide.com','Sharon','Myers','North America','United States'
2451,'Catherine Ferguson','CatherineFerguson1010@einrot.com','Catherine','Ferguson','North America','United States'
2452,'Maria Robinson','MariaRobinson7736@rhyta.com','Maria','Robinson','North America','United States'
2453,'Frank Gonzalez','FrankGonzalez4632@rhyta.com','Frank','Gonzalez','North America','United States'
2454,'Linda Fuller','LindaFuller7414@rhyta.com','Linda','Fuller','North America','United States'
2455,'Sallie Clark','SallieClark8030@jourrapide.com','Sallie','Clark','North America','United States'
2456,'Marietta Lewis','MariettaLewis7835@dayrep.com','Marietta','Lewis','North America','United States'
2457,'Jeffery Wieczorek','JefferyWieczorek2206@cuvox.de','Jeffery','Wieczorek','North America','United States'
2458,'Clifton Cogdill','CliftonCogdill9917@superrito.com','Clifton','Cogdill','North America','United States'
2459,'Christine Stoops','ChristineStoops1371@gustr.com','Christine','Stoops','North America','United States'
2460,'Anna Oneil','AnnaOneil1516@rhyta.com','Anna','Oneil','North America','United States'
2461,'Andrew Garza','AndrewGarza4352@superrito.com','Andrew','Garza','North America','United States'
2462,'Ali Davis','AliDavis7965@gustr.com','Ali','Davis','North America','United States'
2463,'Raul Soto','RaulSoto2644@cuvox.de','Raul','Soto','North America','United States'
2464,'Miriam Fagan','MiriamFagan9397@gustr.com','Miriam','Fagan','North America','United States'
2465,'Robert Milford','RobertMilford5174@armyspy.com','Robert','Milford','North America','United States'
2466,'Vivian Young','VivianYoung2968@gustr.com','Vivian','Young','North America','United States'
2467,'Mary Woodberry','MaryWoodberry1955@teleworm.us','Mary','Woodberry','North America','United States'
2468,'Wanda Smith','WandaSmith8585@jourrapide.ca','Wanda','Smith','North America','Canada'
2469,'Esther Wray','EstherWray5825@cuvox.de','Esther','Wray','North America','United States'
2470,'Latanya Schorr','LatanyaSchorr8848@rhyta.com','Latanya','Schorr','North America','United States'
2471,'John Sewell','JohnSewell743@armyspy.com','John','Sewell','North America','United States'
2472,'Oren Oconnell','OrenOconnell2476@einrot.com','Oren','Oconnell','North America','United States'
2473,'Bridget Torres','BridgetTorres1972@cuvox.de','Bridget','Torres','North America','United States'
2474,'Ryan Smith','RyanSmith6326@superrito.com','Ryan','Smith','North America','United States'
2475,'Kenneth Stearns','KennethStearns7047@dayrep.com','Kenneth','Stearns','North America','United States'
2476,'Theresa Dillingham','TheresaDillingham6150@jourrapide.com','Theresa','Dillingham','North America','United States'
2477,'Brittany Smith','BrittanySmith5275@teleworm.us','Brittany','Smith','North America','United States'
2478,'Ruben Phelan','RubenPhelan1282@dayrep.com','Ruben','Phelan','North America','United States'
2479,'Daisy Glasco','DaisyGlasco8480@armyspy.com','Daisy','Glasco','North America','United States'
2480,'Joe Turner','JoeTurner1727@rhyta.com','Joe','Turner','North America','United States'
2481,'Debbie Carter','DebbieCarter975@superrito.com','Debbie','Carter','North America','United States'
2482,'George Johnson','GeorgeJohnson5121@cuvox.de','George','Johnson','North America','United States'
2483,'Jessica Bridges','JessicaBridges7372@armyspy.com','Jessica','Bridges','North America','United States'
2484,'Julie Haag','JulieHaag1136@cuvox.de','Julie','Haag','North America','United States'
2485,'Nichole Tolbert','NicholeTolbert4830@gustr.com','Nichole','Tolbert','North America','United States'
2486,'Lynn Molina','LynnMolina6402@dayrep.com','Lynn','Molina','North America','United States'
2487,'Kelly Richards','KellyRichards5780@einrot.com','Kelly','Richards','North America','United States'
2488,'Conrad Anderson','ConradAnderson2662@superrito.com','Conrad','Anderson','North America','United States'
2489,'Linda Merrifield','LindaMerrifield4466@jourrapide.com','Linda','Merrifield','North America','United States'
2490,'Robert Morin','RobertMorin5912@jourrapide.com','Robert','Morin','North America','United States'
2491,'Elise Kavanaugh','EliseKavanaugh3615@rhyta.com','Elise','Kavanaugh','North America','United States'
2492,'Sarah Moore','SarahMoore4443@dayrep.com','Sarah','Moore','North America','United States'
2493,'Joy Gonzalez','JoyGonzalez9942@teleworm.us','Joy','Gonzalez','North America','United States'
2494,'Debra Dodson','DebraDodson1464@armyspy.com','Debra','Dodson','North America','United States'
2495,'Leeanna Vandergriff','LeeannaVandergriff5944@jourrapide.com','Leeanna','Vandergriff','North America','United States'
2496,'Kevin Fishman','KevinFishman1040@dayrep.com','Kevin','Fishman','North America','United States'
2497,'Dawn Garren','DawnGarren1843@jourrapide.com','Dawn','Garren','North America','United States'
2498,'Linh Welch','LinhWelch33@superrito.com','Linh','Welch','North America','United States'
2499,'Kristine Sheriff','KristineSheriff2355@jourrapide.com','Kristine','Sheriff','North America','United States'
2500,'Dorothy Newman','DorothyNewman9503@jourrapide.com','Dorothy','Newman','North America','United States'
2501,'Alexandra Menard','AlexandraMenard7641@einrot.com','Alexandra','Menard','North America','United States'
2502,'Thomas Silva','ThomasSilva8136@jourrapide.com','Thomas','Silva','North America','United States'
2503,'Delia Goodman','DeliaGoodman911@gustr.com','Delia','Goodman','North America','United States'
2504,'Kellie Craig','KellieCraig4666@armyspy.com','Kellie','Craig','North America','United States'
2505,'Michelle Stanfield','MichelleStanfield7287@teleworm.us','Michelle','Stanfield','North America','United States'
2506,'Lawrence Fletcher','LawrenceFletcher140@dayrep.com','Lawrence','Fletcher','North America','United States'
2507,'Esther Colon','EstherColon7574@dayrep.com','Esther','Colon','North America','United States'
2508,'Amanda Shaw','AmandaShaw2735@rhyta.com','Amanda','Shaw','North America','United States'
2509,'Mark Wright','MarkWright8130@gustr.com','Mark','Wright','North America','United States'
2510,'Adam Lawton','AdamLawton1548@dayrep.com','Adam','Lawton','North America','United States'
2511,'Martin Booker','MartinBooker5586@superrito.com','Martin','Booker','North America','United States'
2512,'Anna Caver','AnnaCaver4442@dayrep.com','Anna','Caver','North America','United States'
2513,'Ferne Rodriguez','FerneRodriguez8539@cuvox.de','Ferne','Rodriguez','North America','United States'
2514,'Julie Acevedo','JulieAcevedo4443@cuvox.de','Julie','Acevedo','North America','United States'
2515,'John Dix','JohnDix208@cuvox.de','John','Dix','North America','United States'
2516,'Hubert Bailey','HubertBailey5514@armyspy.com','Hubert','Bailey','North America','United States'
2517,'Shawnna Brinson','ShawnnaBrinson3991@jourrapide.com','Shawnna','Brinson','North America','United States'
2518,'Esther Hart','EstherHart7726@superrito.com','Esther','Hart','North America','United States'
2519,'Stacy Wood','StacyWood4666@teleworm.us','Stacy','Wood','North America','United States'
2520,'Linda Rosamond','LindaRosamond4161@gustr.com','Linda','Rosamond','North America','United States'
2521,'Debra Jackson','DebraJackson4144@einrot.com','Debra','Jackson','North America','United States'
2522,'Celeste Engelman','CelesteEngelman4087@cuvox.de','Celeste','Engelman','North America','United States'
2523,'Roberta Collins','RobertaCollins2998@armyspy.com','Roberta','Collins','North America','United States'
2524,'Linda Mericle','LindaMericle6042@jourrapide.com','Linda','Mericle','North America','United States'
2525,'David Marshall','DavidMarshall2364@rhyta.com','David','Marshall','North America','United States'
2526,'Barbara Prosperie','BarbaraProsperie2657@gustr.com','Barbara','Prosperie','North America','United States'
2527,'Brett Jimenez','BrettJimenez9019@armyspy.com','Brett','Jimenez','North America','United States'
2528,'Cindy Belcher','CindyBelcher1240@einrot.com','Cindy','Belcher','North America','United States'
2529,'Edith Bullock','EdithBullock9802@cuvox.de','Edith','Bullock','North America','United States'
2530,'Victoria Wheeler','VictoriaWheeler7324@gustr.com','Victoria','Wheeler','North America','United States'
2531,'Cindy Yang','CindyYang6146@armyspy.com','Cindy','Yang','North America','United States'
2532,'Thelma Tilley','ThelmaTilley8387@teleworm.us','Thelma','Tilley','North America','United States'
2533,'Etta Romero','EttaRomero1473@einrot.com','Etta','Romero','North America','United States'
2534,'Theodore Layne','TheodoreLayne4208@einrot.com','Theodore','Layne','North America','United States'
2535,'Julia Sharp','JuliaSharp4763@rhyta.com','Julia','Sharp','North America','United States'
2536,'Lorena Bond','LorenaBond5323@gustr.com','Lorena','Bond','North America','United States'
2537,'Jean Workman','JeanWorkman3103@cuvox.de','Jean','Workman','North America','United States'
2538,'Sarah Mounts','SarahMounts5543@jourrapide.com','Sarah','Mounts','North America','United States'
2539,'Felix Hayes','FelixHayes2899@gustr.com','Felix','Hayes','North America','United States'
2540,'Crystal Walker','CrystalWalker4345@jourrapide.com','Crystal','Walker','North America','United States'
2541,'Margaret Keller','MargaretKeller2658@gustr.com','Margaret','Keller','North America','United States'
2542,'Lawrence Hill','LawrenceHill384@rhyta.com','Lawrence','Hill','North America','United States'
2543,'Andrew Brogan','AndrewBrogan6914@teleworm.us','Andrew','Brogan','North America','United States'
2544,'Melvin Carpenter','MelvinCarpenter2071@rhyta.com','Melvin','Carpenter','North America','United States'
2545,'Craig Fischer','CraigFischer4548@dayrep.com','Craig','Fischer','North America','United States'
2546,'Charles Coffee','CharlesCoffee7529@armyspy.com','Charles','Coffee','North America','United States'
2547,'Jeffrey Kinney','JeffreyKinney722@cuvox.de','Jeffrey','Kinney','North America','United States'
2548,'Mandy Lineberger','MandyLineberger5470@armyspy.com','Mandy','Lineberger','North America','United States'
2549,'Lisa Newcombe','LisaNewcombe4107@gustr.com','Lisa','Newcombe','North America','United States'
2550,'Richard Doody','RichardDoody4444@jourrapide.com','Richard','Doody','North America','United States'
2551,'Kyle Acheson','KyleAcheson1730@teleworm.us','Kyle','Acheson','North America','United States'
2552,'Mark Katz','MarkKatz8317@rhyta.com','Mark','Katz','North America','United States'
2553,'Essie Clark','EssieClark7894@rhyta.com','Essie','Clark','North America','United States'
2554,'Jose Welch','JoseWelch9774@armyspy.com','Jose','Welch','North America','United States'
2555,'Iris Logan','IrisLogan1319@einrot.com','Iris','Logan','North America','United States'
2556,'Charlotte Ingram','CharlotteIngram3169@teleworm.us','Charlotte','Ingram','North America','United States'
2557,'Myrtle Torres','MyrtleTorres3949@armyspy.com','Myrtle','Torres','North America','United States'
2558,'Joseph Rhoades','JosephRhoades2743@jourrapide.com','Joseph','Rhoades','North America','United States'
2559,'Alissa Zamora','AlissaZamora6337@superrito.com','Alissa','Zamora','North America','United States'
2560,'Andrew Clem','AndrewClem612@cuvox.de','Andrew','Clem','North America','United States'
2561,'Richard Fugate','RichardFugate7790@superrito.com','Richard','Fugate','North America','United States'
2562,'Wanda Johnson','WandaJohnson3613@rhyta.com','Wanda','Johnson','North America','United States'
2563,'Ricky Bourque','RickyBourque6520@gustr.com','Ricky','Bourque','North America','United States'
2564,'Deborah Hopkins','DeborahHopkins2474@einrot.com','Deborah','Hopkins','North America','United States'
2565,'William Renaud','WilliamRenaud6620@teleworm.us','William','Renaud','North America','United States'
2566,'Dana Grasso','DanaGrasso7648@jourrapide.com','Dana','Grasso','North America','United States'
2567,'George Logsdon','GeorgeLogsdon3558@jourrapide.com','George','Logsdon','North America','United States'
2568,'Sarah Mounts','SarahMounts721@jourrapide.com','Sarah','Mounts','North America','United States'
2569,'Margaret Dussault','MargaretDussault4696@gustr.com','Margaret','Dussault','North America','United States'
2570,'Joseph Parker','JosephParker4103@dayrep.com','Joseph','Parker','North America','United States'
2571,'Mary Ellis','MaryEllis4972@armyspy.com','Mary','Ellis','North America','United States'
2572,'Zachary Criner','ZacharyCriner211@cuvox.de','Zachary','Criner','North America','United States'
2573,'Michael Irvin','MichaelIrvin5759@superrito.com','Michael','Irvin','North America','United States'
2574,'Rachel Watson','RachelWatson2798@cuvox.de','Rachel','Watson','North America','United States'
2575,'Alexia Swanson','AlexiaSwanson4505@gustr.com','Alexia','Swanson','North America','United States'
2576,'John Drakes','JohnDrakes5325@jourrapide.com','John','Drakes','North America','United States'
2577,'Deborah Pollitt','DeborahPollitt5270@superrito.com','Deborah','Pollitt','North America','United States'
2578,'Beverly Faulk','BeverlyFaulk5831@cuvox.de','Beverly','Faulk','North America','United States'
2579,'Ronald Scotti','RonaldScotti8809@armyspy.com','Ronald','Scotti','North America','United States'
2580,'Mary Williams','MaryWilliams4276@gustr.com','Mary','Williams','North America','United States'
2581,'Kathryn Williams','KathrynWilliams5790@armyspy.com','Kathryn','Williams','North America','United States'
2582,'John Barhorst','JohnBarhorst484@armyspy.com','John','Barhorst','North America','United States'
2583,'Cynthia Sparrow','CynthiaSparrow978@cuvox.de','Cynthia','Sparrow','North America','United States'
2584,'Patricia Harris','PatriciaHarris1371@gustr.com','Patricia','Harris','North America','United States'
2585,'Karon Ward','KaronWard4454@dayrep.com','Karon','Ward','North America','United States'
2586,'Joan Vogel','JoanVogel6545@einrot.com','Joan','Vogel','North America','United States'
2587,'Anthony Hosey','AnthonyHosey493@einrot.com','Anthony','Hosey','North America','United States'
2588,'Brad Keyes','BradKeyes3961@armyspy.com','Brad','Keyes','North America','United States'
2589,'Helen Vela','HelenVela9719@einrot.com','Helen','Vela','North America','United States'
2590,'Tony Cossey','TonyCossey8239@cuvox.de','Tony','Cossey','North America','United States'
