'CustNum','Name','Email','First','Last','Continent','Country'
11,'Alexander Barker','AlexanderBarker5483@jourrapide.gb','Alexander','Barker','Europe','United Kingdom'
12,'Samuel Edwards','SamuelEdwards9645@superrito.gb','Samuel','Edwards','Europe','United Kingdom'
13,'Cameron Phillips','CameronPhillips6651@superrito.gb','Cameron','Phillips','Europe','United Kingdom'
14,'Christopher Hewitt','ChristopherHewitt1632@gustr.gb','Christopher','Hewitt','Europe','United Kingdom'
15,'Tyler Nolan','TylerNolan1931@rhyta.gb','Tyler','Nolan','Europe','United Kingdom'
16,'Jennifer Potter','JenniferPotter9820@gustr.gb','Jennifer','Potter','Europe','United Kingdom'
17,'Alisha Noble','AlishaNoble6356@dayrep.gb','Alisha','Noble','Europe','United Kingdom'
18,'James Bradshaw','JamesBradshaw4322@einrot.gb','James','Bradshaw','Europe','United Kingdom'
19,'Josh James','JoshJames7661@teleworm.gb','Josh','James','Europe','United Kingdom'
20,'Joshua Bull','JoshuaBull9348@armyspy.gb','Joshua','Bull','Europe','United Kingdom'
21,'Matilda Carey','MatildaCarey2172@armyspy.gb','Matilda','Carey','Europe','United Kingdom'
22,'Charlie Smith','CharlieSmith8854@superrito.gb','Charlie','Smith','Europe','United Kingdom'
23,'Dylan Howell','DylanHowell1158@dayrep.gb','Dylan','Howell','Europe','United Kingdom'
24,'Eloise Wade','EloiseWade8928@einrot.gb','Eloise','Wade','Europe','United Kingdom'
25,'Christopher Sanderson','ChristopherSanderson8699@superrito.gb','Christopher','Sanderson','Europe','United Kingdom'
26,'Christopher Cooper','ChristopherCooper3801@superrito.gb','Christopher','Cooper','Europe','United Kingdom'
27,'Jodie Barlow','JodieBarlow3314@superrito.gb','Jodie','Barlow','Europe','United Kingdom'
28,'Daniel Wong','DanielWong2476@einrot.gb','Daniel','Wong','Europe','United Kingdom'
29,'Kate Baldwin','KateBaldwin1186@superrito.gb','Kate','Baldwin','Europe','United Kingdom'
30,'Leo Potter','LeoPotter3212@dayrep.gb','Leo','Potter','Europe','United Kingdom'
31,'Jude Summers','JudeSummers705@armyspy.gb','Jude','Summers','Europe','United Kingdom'
32,'Kyle Byrne','KyleByrne265@rhyta.gb','Kyle','Byrne','Europe','United Kingdom'
33,'Cerys Newton','CerysNewton5824@teleworm.gb','Cerys','Newton','Europe','United Kingdom'
34,'Katie Coleman','KatieColeman6438@rhyta.gb','Katie','Coleman','Europe','United Kingdom'
35,'Eleanor McCarthy','EleanorMcCarthy3577@teleworm.gb','Eleanor','McCarthy','Europe','United Kingdom'
36,'Robert North','RobertNorth4553@einrot.gb','Robert','North','Europe','United Kingdom'
37,'Alice Blackburn','AliceBlackburn7486@cuvox.gb','Alice','Blackburn','Europe','United Kingdom'
38,'Jamie Reynolds','JamieReynolds7097@teleworm.gb','Jamie','Reynolds','Europe','United Kingdom'
39,'Aimee Berry','AimeeBerry9428@cuvox.gb','Aimee','Berry','Europe','United Kingdom'
40,'Robert Fry','RobertFry7994@dayrep.gb','Robert','Fry','Europe','United Kingdom'
41,'Paige White','PaigeWhite132@cuvox.gb','Paige','White','Europe','United Kingdom'
42,'Elliot Tyler','ElliotTyler7381@einrot.gb','Elliot','Tyler','Europe','United Kingdom'
43,'Elise Wood','EliseWood9929@dayrep.gb','Elise','Wood','Europe','United Kingdom'
44,'Ellis Long','EllisLong8888@gustr.gb','Ellis','Long','Europe','United Kingdom'
45,'Hollie Page','HolliePage3960@einrot.gb','Hollie','Page','Europe','United Kingdom'
46,'George Begum','GeorgeBegum4214@superrito.gb','George','Begum','Europe','United Kingdom'
47,'Keira Skinner','KeiraSkinner1153@jourrapide.gb','Keira','Skinner','Europe','United Kingdom'
48,'Jacob Perkins','JacobPerkins9583@jourrapide.gb','Jacob','Perkins','Europe','United Kingdom'
49,'Lola Hyde','LolaHyde6365@einrot.gb','Lola','Hyde','Europe','United Kingdom'
50,'Sophia Hilton','SophiaHilton4804@cuvox.gb','Sophia','Hilton','Europe','United Kingdom'
51,'Aidan Doyle','AidanDoyle1382@superrito.gb','Aidan','Doyle','Europe','United Kingdom'
52,'Kian Webb','KianWebb1876@jourrapide.gb','Kian','Webb','Europe','United Kingdom'
53,'Louis Vaughan','LouisVaughan3481@superrito.gb','Louis','Vaughan','Europe','United Kingdom'
54,'Kate Turnbull','KateTurnbull5813@cuvox.gb','Kate','Turnbull','Europe','United Kingdom'
55,'Daisy Noble','DaisyNoble4497@einrot.gb','Daisy','Noble','Europe','United Kingdom'
56,'Liam Bradshaw','LiamBradshaw2288@superrito.gb','Liam','Bradshaw','Europe','United Kingdom'
57,'Georgia Graham','GeorgiaGraham6087@superrito.gb','Georgia','Graham','Europe','United Kingdom'
58,'Samantha Heath','SamanthaHeath7@superrito.gb','Samantha','Heath','Europe','United Kingdom'
59,'Hayden Stewart','HaydenStewart797@cuvox.gb','Hayden','Stewart','Europe','United Kingdom'
60,'Jamie Hardy','JamieHardy8744@gustr.gb','Jamie','Hardy','Europe','United Kingdom'
61,'Harley Charlton','HarleyCharlton3678@armyspy.gb','Harley','Charlton','Europe','United Kingdom'
62,'Alfie Gilbert','AlfieGilbert908@dayrep.gb','Alfie','Gilbert','Europe','United Kingdom'
63,'Ben Miah','BenMiah7546@superrito.gb','Ben','Miah','Europe','United Kingdom'
64,'Brooke Dixon','BrookeDixon9936@teleworm.gb','Brooke','Dixon','Europe','United Kingdom'
65,'Eve Berry','EveBerry4663@cuvox.gb','Eve','Berry','Europe','United Kingdom'
66,'Elise Clements','EliseClements2274@gustr.gb','Elise','Clements','Europe','United Kingdom'
67,'Kayleigh Gough','KayleighGough9673@einrot.gb','Kayleigh','Gough','Europe','United Kingdom'
68,'Abigail Woods','AbigailWoods7775@cuvox.gb','Abigail','Woods','Europe','United Kingdom'
69,'Sam Jordan','SamJordan4130@einrot.gb','Sam','Jordan','Europe','United Kingdom'
70,'Brandon Griffin','BrandonGriffin7778@jourrapide.gb','Brandon','Griffin','Europe','United Kingdom'
71,'Peter Manning','PeterManning9417@armyspy.gb','Peter','Manning','Europe','United Kingdom'
72,'George Hughes','GeorgeHughes2993@gustr.gb','George','Hughes','Europe','United Kingdom'
73,'Jack Garner','JackGarner3751@einrot.gb','Jack','Garner','Europe','United Kingdom'
74,'Zara Winter','ZaraWinter4064@einrot.gb','Zara','Winter','Europe','United Kingdom'
75,'John Hargreaves','JohnHargreaves172@armyspy.gb','John','Hargreaves','Europe','United Kingdom'
76,'Rosie Harper','RosieHarper4439@teleworm.gb','Rosie','Harper','Europe','United Kingdom'
77,'Elise Lowe','EliseLowe9604@rhyta.gb','Elise','Lowe','Europe','United Kingdom'
78,'Zara Wood','ZaraWood2003@armyspy.gb','Zara','Wood','Europe','United Kingdom'
79,'Madison Rowe','MadisonRowe4436@cuvox.gb','Madison','Rowe','Europe','United Kingdom'
80,'Callum Summers','CallumSummers8753@superrito.gb','Callum','Summers','Europe','United Kingdom'
81,'Alfie Anderson','AlfieAnderson2656@rhyta.gb','Alfie','Anderson','Europe','United Kingdom'
82,'Nicole Elliott','NicoleElliott1449@armyspy.gb','Nicole','Elliott','Europe','United Kingdom'
83,'Lauren Barber','LaurenBarber2585@dayrep.gb','Lauren','Barber','Europe','United Kingdom'
84,'Rachel Turner','RachelTurner7512@dayrep.gb','Rachel','Turner','Europe','United Kingdom'
85,'Mollie Smith','MollieSmith9652@teleworm.gb','Mollie','Smith','Europe','United Kingdom'
86,'Peter McDonald','PeterMcDonald7065@superrito.gb','Peter','McDonald','Europe','United Kingdom'
87,'Elise Taylor','EliseTaylor6539@armyspy.gb','Elise','Taylor','Europe','United Kingdom'
88,'Finlay Phillips','FinlayPhillips8246@superrito.gb','Finlay','Phillips','Europe','United Kingdom'
89,'Edward Matthews','EdwardMatthews3835@rhyta.gb','Edward','Matthews','Europe','United Kingdom'
90,'Samuel Townsend','SamuelTownsend5436@dayrep.gb','Samuel','Townsend','Europe','United Kingdom'
91,'Elizabeth Osborne','ElizabethOsborne3110@gustr.gb','Elizabeth','Osborne','Europe','United Kingdom'
92,'Anthony French','AnthonyFrench8240@superrito.gb','Anthony','French','Europe','United Kingdom'
93,'Freddie Douglas','FreddieDouglas5237@armyspy.gb','Freddie','Douglas','Europe','United Kingdom'
94,'Katherine Newman','KatherineNewman2155@jourrapide.gb','Katherine','Newman','Europe','United Kingdom'
95,'Sarah Bentley','SarahBentley8267@rhyta.gb','Sarah','Bentley','Europe','United Kingdom'
96,'Sebastian Page','SebastianPage5083@einrot.gb','Sebastian','Page','Europe','United Kingdom'
97,'Ellis Day','EllisDay6937@jourrapide.gb','Ellis','Day','Europe','United Kingdom'
98,'William Hodgson','WilliamHodgson4833@jourrapide.gb','William','Hodgson','Europe','United Kingdom'
99,'Chelsea Perkins','ChelseaPerkins5134@einrot.gb','Chelsea','Perkins','Europe','United Kingdom'
100,'Christopher Atkinson','ChristopherAtkinson1936@superrito.gb','Christopher','Atkinson','Europe','United Kingdom'
101,'Ewan Powell','EwanPowell9629@jourrapide.gb','Ewan','Powell','Europe','United Kingdom'
102,'Courtney Nixon','CourtneyNixon7050@cuvox.gb','Courtney','Nixon','Europe','United Kingdom'
103,'Natasha Knight','NatashaKnight3940@einrot.gb','Natasha','Knight','Europe','United Kingdom'
104,'Brandon Morton','BrandonMorton9646@gustr.gb','Brandon','Morton','Europe','United Kingdom'
105,'Louie Chan','LouieChan2741@rhyta.gb','Louie','Chan','Europe','United Kingdom'
106,'Abby Hobbs','AbbyHobbs6890@jourrapide.gb','Abby','Hobbs','Europe','United Kingdom'
107,'Kate Scott','KateScott8864@cuvox.gb','Kate','Scott','Europe','United Kingdom'
108,'Corey Armstrong','CoreyArmstrong5621@einrot.gb','Corey','Armstrong','Europe','United Kingdom'
109,'Hayden Burgess','HaydenBurgess4802@einrot.gb','Hayden','Burgess','Europe','United Kingdom'
110,'James Brookes','JamesBrookes3661@gustr.gb','James','Brookes','Europe','United Kingdom'
111,'Ryan James','RyanJames1312@armyspy.gb','Ryan','James','Europe','United Kingdom'
112,'Isabel Daniels','IsabelDaniels6954@dayrep.gb','Isabel','Daniels','Europe','United Kingdom'
113,'Alex Martin','AlexMartin1001@rhyta.gb','Alex','Martin','Europe','United Kingdom'
114,'Elizabeth Kirk','ElizabethKirk9040@gustr.gb','Elizabeth','Kirk','Europe','United Kingdom'
115,'Isabel Sullivan','IsabelSullivan7310@jourrapide.gb','Isabel','Sullivan','Europe','United Kingdom'
116,'Tegan Talbot','TeganTalbot3006@armyspy.gb','Tegan','Talbot','Europe','United Kingdom'
117,'Jodie Bowen','JodieBowen9169@rhyta.gb','Jodie','Bowen','Europe','United Kingdom'
118,'Harley Ferguson','HarleyFerguson8571@rhyta.gb','Harley','Ferguson','Europe','United Kingdom'
119,'Reece Randall','ReeceRandall571@rhyta.gb','Reece','Randall','Europe','United Kingdom'
120,'Joe Hudson','JoeHudson3829@cuvox.gb','Joe','Hudson','Europe','United Kingdom'
121,'Connor Arnold','ConnorArnold278@jourrapide.gb','Connor','Arnold','Europe','United Kingdom'
122,'Joshua Harding','JoshuaHarding3098@gustr.gb','Joshua','Harding','Europe','United Kingdom'
123,'Isabel Dixon','IsabelDixon1913@armyspy.gb','Isabel','Dixon','Europe','United Kingdom'
124,'Callum McKenzie','CallumMcKenzie7753@teleworm.gb','Callum','McKenzie','Europe','United Kingdom'
125,'Bradley Charlton','BradleyCharlton4862@einrot.gb','Bradley','Charlton','Europe','United Kingdom'
126,'Lara Bibi','LaraBibi8598@gustr.gb','Lara','Bibi','Europe','United Kingdom'
127,'Scott Lynch','ScottLynch5961@rhyta.gb','Scott','Lynch','Europe','United Kingdom'
128,'Lucas Pugh','LucasPugh5422@rhyta.gb','Lucas','Pugh','Europe','United Kingdom'
129,'Joel Porter','JoelPorter7486@rhyta.gb','Joel','Porter','Europe','United Kingdom'
130,'Dylan Burke','DylanBurke5398@superrito.gb','Dylan','Burke','Europe','United Kingdom'
131,'Cerys Dixon','CerysDixon7399@gustr.gb','Cerys','Dixon','Europe','United Kingdom'
132,'Henry Griffiths','HenryGriffiths5061@cuvox.gb','Henry','Griffiths','Europe','United Kingdom'
133,'Josh Norman','JoshNorman8283@superrito.gb','Josh','Norman','Europe','United Kingdom'
134,'Ewan Kemp','EwanKemp4682@armyspy.gb','Ewan','Kemp','Europe','United Kingdom'
135,'Jacob Stephenson','JacobStephenson1443@jourrapide.gb','Jacob','Stephenson','Europe','United Kingdom'
136,'Harriet Murray','HarrietMurray1486@einrot.gb','Harriet','Murray','Europe','United Kingdom'
137,'Josh Wallis','JoshWallis7972@cuvox.gb','Josh','Wallis','Europe','United Kingdom'
138,'Katherine Thompson','KatherineThompson8523@armyspy.gb','Katherine','Thompson','Europe','United Kingdom'
139,'Leon Gould','LeonGould4515@einrot.gb','Leon','Gould','Europe','United Kingdom'
140,'Owen Warner','OwenWarner5339@superrito.gb','Owen','Warner','Europe','United Kingdom'
141,'Oliver Sims','OliverSims6233@dayrep.gb','Oliver','Sims','Europe','United Kingdom'
142,'Luke Douglas','LukeDouglas995@cuvox.gb','Luke','Douglas','Europe','United Kingdom'
143,'Lucas Thorpe','LucasThorpe3262@einrot.gb','Lucas','Thorpe','Europe','United Kingdom'
144,'Elizabeth Martin','ElizabethMartin2386@superrito.gb','Elizabeth','Martin','Europe','United Kingdom'
145,'Ellie Lowe','EllieLowe5220@teleworm.gb','Ellie','Lowe','Europe','United Kingdom'
146,'Noah Finch','NoahFinch8682@cuvox.gb','Noah','Finch','Europe','United Kingdom'
147,'Gracie Hunt','GracieHunt9848@einrot.gb','Gracie','Hunt','Europe','United Kingdom'
148,'Abby McLean','AbbyMcLean995@cuvox.gb','Abby','McLean','Europe','United Kingdom'
149,'Anna Dickinson','AnnaDickinson8139@dayrep.gb','Anna','Dickinson','Europe','United Kingdom'
150,'Harrison Griffiths','HarrisonGriffiths7170@cuvox.gb','Harrison','Griffiths','Europe','United Kingdom'
151,'Sebastian Gibson','SebastianGibson248@rhyta.gb','Sebastian','Gibson','Europe','United Kingdom'
152,'Anthony Rowe','AnthonyRowe505@superrito.gb','Anthony','Rowe','Europe','United Kingdom'
153,'Jay Parsons','JayParsons3971@teleworm.gb','Jay','Parsons','Europe','United Kingdom'
154,'Dominic Rahman','DominicRahman4768@gustr.gb','Dominic','Rahman','Europe','United Kingdom'
155,'Gabriel Marsden','GabrielMarsden4360@rhyta.gb','Gabriel','Marsden','Europe','United Kingdom'
156,'Ben Clayton','BenClayton1799@einrot.gb','Ben','Clayton','Europe','United Kingdom'
157,'Harley Conway','HarleyConway9562@gustr.gb','Harley','Conway','Europe','United Kingdom'
158,'Lydia Thomas','LydiaThomas6698@cuvox.gb','Lydia','Thomas','Europe','United Kingdom'
159,'Imogen Ali','ImogenAli6080@teleworm.gb','Imogen','Ali','Europe','United Kingdom'
160,'Abigail Mason','AbigailMason1728@einrot.gb','Abigail','Mason','Europe','United Kingdom'
161,'Max Storey','MaxStorey3465@rhyta.gb','Max','Storey','Europe','United Kingdom'
162,'Olivia Davies','OliviaDavies7600@rhyta.gb','Olivia','Davies','Europe','United Kingdom'
163,'Lilly Bowen','LillyBowen2028@dayrep.gb','Lilly','Bowen','Europe','United Kingdom'
164,'Abigail Connolly','AbigailConnolly6362@einrot.gb','Abigail','Connolly','Europe','United Kingdom'
165,'Corey Cook','CoreyCook6363@dayrep.gb','Corey','Cook','Europe','United Kingdom'
166,'Joel Connolly','JoelConnolly8255@cuvox.gb','Joel','Connolly','Europe','United Kingdom'
167,'Connor Hammond','ConnorHammond4443@einrot.gb','Connor','Hammond','Europe','United Kingdom'
168,'Joseph Arnold','JosephArnold837@rhyta.gb','Joseph','Arnold','Europe','United Kingdom'
169,'Hayden Barnett','HaydenBarnett7621@armyspy.gb','Hayden','Barnett','Europe','United Kingdom'
170,'Isobel Mann','IsobelMann3609@jourrapide.gb','Isobel','Mann','Europe','United Kingdom'
171,'Sean Spencer','SeanSpencer626@gustr.gb','Sean','Spencer','Europe','United Kingdom'
172,'Ellie Marsh','EllieMarsh9172@teleworm.gb','Ellie','Marsh','Europe','United Kingdom'
173,'Callum Black','CallumBlack5851@einrot.gb','Callum','Black','Europe','United Kingdom'
174,'Zachary Perry','ZacharyPerry3811@einrot.gb','Zachary','Perry','Europe','United Kingdom'
175,'Jessica Ahmed','JessicaAhmed429@superrito.gb','Jessica','Ahmed','Europe','United Kingdom'
176,'Leon Wright','LeonWright5479@teleworm.gb','Leon','Wright','Europe','United Kingdom'
177,'John Howells','JohnHowells4579@teleworm.gb','John','Howells','Europe','United Kingdom'
178,'Elise Parry','EliseParry9588@armyspy.gb','Elise','Parry','Europe','United Kingdom'
179,'Daisy Skinner','DaisySkinner6410@cuvox.gb','Daisy','Skinner','Europe','United Kingdom'
180,'Kai Tyler','KaiTyler6235@teleworm.gb','Kai','Tyler','Europe','United Kingdom'
181,'Maya Taylor','MayaTaylor4026@jourrapide.gb','Maya','Taylor','Europe','United Kingdom'
182,'Callum Johnson','CallumJohnson3443@rhyta.gb','Callum','Johnson','Europe','United Kingdom'
183,'Jordan Roberts','JordanRoberts3554@gustr.gb','Jordan','Roberts','Europe','United Kingdom'
184,'Luke Hodgson','LukeHodgson6763@jourrapide.gb','Luke','Hodgson','Europe','United Kingdom'
185,'Evie Thomas','EvieThomas935@dayrep.gb','Evie','Thomas','Europe','United Kingdom'
186,'Freddie Robertson','FreddieRobertson5921@armyspy.gb','Freddie','Robertson','Europe','United Kingdom'
187,'Summer Hardy','SummerHardy4061@armyspy.gb','Summer','Hardy','Europe','United Kingdom'
188,'Taylor Flynn','TaylorFlynn5085@cuvox.gb','Taylor','Flynn','Europe','United Kingdom'
189,'Ellis Davies','EllisDavies350@teleworm.gb','Ellis','Davies','Europe','United Kingdom'
190,'Mohammad O''Brien','MohammadOBrien3146@jourrapide.gb','Mohammad','O''Brien','Europe','United Kingdom'
191,'Rosie Hope','RosieHope4006@dayrep.gb','Rosie','Hope','Europe','United Kingdom'
192,'Poppy Ford','PoppyFord3195@dayrep.gb','Poppy','Ford','Europe','United Kingdom'
193,'Yasmin Francis','YasminFrancis7917@armyspy.gb','Yasmin','Francis','Europe','United Kingdom'
194,'Zoe Stone','ZoeStone8486@rhyta.gb','Zoe','Stone','Europe','United Kingdom'
195,'Archie Hawkins','ArchieHawkins4846@rhyta.gb','Archie','Hawkins','Europe','United Kingdom'
196,'Noah Farrell','NoahFarrell7904@cuvox.gb','Noah','Farrell','Europe','United Kingdom'
197,'Aidan Holt','AidanHolt4676@superrito.gb','Aidan','Holt','Europe','United Kingdom'
198,'Matilda Pratt','MatildaPratt6713@armyspy.gb','Matilda','Pratt','Europe','United Kingdom'
199,'Thomas Burke','ThomasBurke4371@teleworm.gb','Thomas','Burke','Europe','United Kingdom'
200,'Harriet Green','HarrietGreen8316@armyspy.gb','Harriet','Green','Europe','United Kingdom'
201,'Brandon Birch','BrandonBirch5347@jourrapide.gb','Brandon','Birch','Europe','United Kingdom'
202,'Hannah McDonald','HannahMcDonald6715@rhyta.gb','Hannah','McDonald','Europe','United Kingdom'
203,'Mollie Kaur','MollieKaur7725@rhyta.gb','Mollie','Kaur','Europe','United Kingdom'
204,'Tom Coleman','TomColeman5333@gustr.gb','Tom','Coleman','Europe','United Kingdom'
205,'Lara Bell','LaraBell9299@gustr.gb','Lara','Bell','Europe','United Kingdom'
206,'Sofia Rees','SofiaRees8428@dayrep.gb','Sofia','Rees','Europe','United Kingdom'
207,'Kayleigh Lucas','KayleighLucas4743@superrito.gb','Kayleigh','Lucas','Europe','United Kingdom'
208,'Georgina Bevan','GeorginaBevan879@teleworm.gb','Georgina','Bevan','Europe','United Kingdom'
209,'Charlotte May','CharlotteMay6290@rhyta.gb','Charlotte','May','Europe','United Kingdom'
210,'Olivia Carroll','OliviaCarroll5641@gustr.gb','Olivia','Carroll','Europe','United Kingdom'
211,'Lola Harding','LolaHarding3310@cuvox.gb','Lola','Harding','Europe','United Kingdom'
212,'Isaac Wall','IsaacWall2871@jourrapide.gb','Isaac','Wall','Europe','United Kingdom'
213,'Maisie Parry','MaisieParry5298@rhyta.gb','Maisie','Parry','Europe','United Kingdom'
214,'Cameron Murray','CameronMurray4639@gustr.gb','Cameron','Murray','Europe','United Kingdom'
215,'Mollie French','MollieFrench2363@teleworm.gb','Mollie','French','Europe','United Kingdom'
216,'Daniel Brady','DanielBrady8131@teleworm.gb','Daniel','Brady','Europe','United Kingdom'
217,'Katie Barnes','KatieBarnes9066@rhyta.gb','Katie','Barnes','Europe','United Kingdom'
218,'Eve Lambert','EveLambert844@cuvox.gb','Eve','Lambert','Europe','United Kingdom'
219,'Luke Doherty','LukeDoherty6321@cuvox.gb','Luke','Doherty','Europe','United Kingdom'
220,'Elliot Wilkins','ElliotWilkins2270@teleworm.gb','Elliot','Wilkins','Europe','United Kingdom'
221,'Leah Bishop','LeahBishop5457@dayrep.gb','Leah','Bishop','Europe','United Kingdom'
222,'Hayden Marshall','HaydenMarshall1296@rhyta.gb','Hayden','Marshall','Europe','United Kingdom'
223,'Jennifer Charlton','JenniferCharlton9149@gustr.gb','Jennifer','Charlton','Europe','United Kingdom'
224,'Harry Miller','HarryMiller1178@rhyta.gb','Harry','Miller','Europe','United Kingdom'
225,'Victoria Houghton','VictoriaHoughton5939@einrot.gb','Victoria','Houghton','Europe','United Kingdom'
226,'Oliver Schofield','OliverSchofield141@dayrep.gb','Oliver','Schofield','Europe','United Kingdom'
227,'Jonathan Chapman','JonathanChapman5505@einrot.gb','Jonathan','Chapman','Europe','United Kingdom'
228,'Courtney Hobbs','CourtneyHobbs2328@superrito.gb','Courtney','Hobbs','Europe','United Kingdom'
229,'Evan Owens','EvanOwens9725@einrot.gb','Evan','Owens','Europe','United Kingdom'
230,'Matilda Faulkner','MatildaFaulkner8359@rhyta.gb','Matilda','Faulkner','Europe','United Kingdom'
231,'Daniel Blackburn','DanielBlackburn2190@dayrep.gb','Daniel','Blackburn','Europe','United Kingdom'
232,'Bailey Sanderson','BaileySanderson793@teleworm.gb','Bailey','Sanderson','Europe','United Kingdom'
233,'Harley West','HarleyWest9590@rhyta.gb','Harley','West','Europe','United Kingdom'
234,'Cameron Houghton','CameronHoughton1900@armyspy.gb','Cameron','Houghton','Europe','United Kingdom'
235,'Alexander Ball','AlexanderBall4674@superrito.gb','Alexander','Ball','Europe','United Kingdom'
236,'Isabel Bruce','IsabelBruce7039@armyspy.gb','Isabel','Bruce','Europe','United Kingdom'
237,'Lucy Gill','LucyGill6686@cuvox.gb','Lucy','Gill','Europe','United Kingdom'
238,'Henry Pickering','HenryPickering3116@dayrep.gb','Henry','Pickering','Europe','United Kingdom'
239,'Taylor Barrett','TaylorBarrett6663@dayrep.gb','Taylor','Barrett','Europe','United Kingdom'
240,'Kai Parkin','KaiParkin9244@teleworm.gb','Kai','Parkin','Europe','United Kingdom'
241,'Anna Preston','AnnaPreston6925@teleworm.gb','Anna','Preston','Europe','United Kingdom'
242,'Matthew Pratt','MatthewPratt6304@superrito.gb','Matthew','Pratt','Europe','United Kingdom'
243,'Brandon Lord','BrandonLord1985@rhyta.gb','Brandon','Lord','Europe','United Kingdom'
244,'Evie Brookes','EvieBrookes3733@rhyta.gb','Evie','Brookes','Europe','United Kingdom'
245,'Daisy Nixon','DaisyNixon5794@superrito.gb','Daisy','Nixon','Europe','United Kingdom'
246,'Madison Reed','MadisonReed6976@rhyta.gb','Madison','Reed','Europe','United Kingdom'
247,'Alexandra Richards','AlexandraRichards6429@einrot.gb','Alexandra','Richards','Europe','United Kingdom'
248,'Alexander Bradshaw','AlexanderBradshaw6712@armyspy.gb','Alexander','Bradshaw','Europe','United Kingdom'
249,'Joel Barry','JoelBarry8018@cuvox.gb','Joel','Barry','Europe','United Kingdom'
250,'Ellie Taylor','EllieTaylor1452@jourrapide.gb','Ellie','Taylor','Europe','United Kingdom'
251,'Naomi Green','NaomiGreen2515@einrot.gb','Naomi','Green','Europe','United Kingdom'
252,'Kate Waters','KateWaters5399@jourrapide.gb','Kate','Waters','Europe','United Kingdom'
253,'Charlie Stokes','CharlieStokes5008@cuvox.gb','Charlie','Stokes','Europe','United Kingdom'
254,'Maddison Andrews','MaddisonAndrews4509@teleworm.gb','Maddison','Andrews','Europe','United Kingdom'
255,'Isabelle Jordan','IsabelleJordan6935@gustr.gb','Isabelle','Jordan','Europe','United Kingdom'
256,'Nicole Lynch','NicoleLynch8021@dayrep.gb','Nicole','Lynch','Europe','United Kingdom'
257,'Alexander Hartley','AlexanderHartley6833@einrot.gb','Alexander','Hartley','Europe','United Kingdom'
258,'Harvey Lord','HarveyLord4462@jourrapide.gb','Harvey','Lord','Europe','United Kingdom'
259,'Luca Bray','LucaBray3792@cuvox.gb','Luca','Bray','Europe','United Kingdom'
260,'Finley Talbot','FinleyTalbot6869@superrito.gb','Finley','Talbot','Europe','United Kingdom'
261,'Kian Clark','KianClark8571@superrito.gb','Kian','Clark','Europe','United Kingdom'
262,'Finlay Chamberlain','FinlayChamberlain7315@dayrep.gb','Finlay','Chamberlain','Europe','United Kingdom'
263,'Anthony Price','AnthonyPrice2366@armyspy.gb','Anthony','Price','Europe','United Kingdom'
264,'Mason Houghton','MasonHoughton4830@dayrep.gb','Mason','Houghton','Europe','United Kingdom'
265,'Mohammad Rahman','MohammadRahman6321@armyspy.gb','Mohammad','Rahman','Europe','United Kingdom'
266,'Jack Glover','JackGlover5200@jourrapide.gb','Jack','Glover','Europe','United Kingdom'
267,'Zoe Allan','ZoeAllan5565@einrot.gb','Zoe','Allan','Europe','United Kingdom'
268,'Amy Hayes','AmyHayes169@jourrapide.gb','Amy','Hayes','Europe','United Kingdom'
269,'Phoebe Cameron','PhoebeCameron714@armyspy.gb','Phoebe','Cameron','Europe','United Kingdom'
270,'Jay Bell','JayBell7322@einrot.gb','Jay','Bell','Europe','United Kingdom'
271,'Rachel McKenzie','RachelMcKenzie4362@einrot.gb','Rachel','McKenzie','Europe','United Kingdom'
272,'Luke Stevenson','LukeStevenson3189@einrot.gb','Luke','Stevenson','Europe','United Kingdom'
273,'Alex Davis','AlexDavis9517@jourrapide.gb','Alex','Davis','Europe','United Kingdom'
274,'Katie Connolly','KatieConnolly9466@einrot.gb','Katie','Connolly','Europe','United Kingdom'
275,'Megan Gardner','MeganGardner7713@dayrep.gb','Megan','Gardner','Europe','United Kingdom'
276,'Taylor O''Donnell','TaylorODonnell937@einrot.gb','Taylor','O''Donnell','Europe','United Kingdom'
277,'Anthony Francis','AnthonyFrancis7041@einrot.gb','Anthony','Francis','Europe','United Kingdom'
278,'James Barnes','JamesBarnes1871@gustr.gb','James','Barnes','Europe','United Kingdom'
279,'Reece Hilton','ReeceHilton7600@superrito.gb','Reece','Hilton','Europe','United Kingdom'
280,'Amelia Weston','AmeliaWeston4317@teleworm.gb','Amelia','Weston','Europe','United Kingdom'
281,'Demi Harrison','DemiHarrison7090@superrito.gb','Demi','Harrison','Europe','United Kingdom'
282,'Imogen Nash','ImogenNash4182@superrito.gb','Imogen','Nash','Europe','United Kingdom'
283,'Connor Humphreys','ConnorHumphreys6467@dayrep.gb','Connor','Humphreys','Europe','United Kingdom'
284,'Phoebe Dunn','PhoebeDunn6498@teleworm.gb','Phoebe','Dunn','Europe','United Kingdom'
285,'Brandon Morton','BrandonMorton3414@gustr.gb','Brandon','Morton','Europe','United Kingdom'
286,'Oscar Flynn','OscarFlynn6017@dayrep.gb','Oscar','Flynn','Europe','United Kingdom'
287,'Nathan North','NathanNorth3576@superrito.gb','Nathan','North','Europe','United Kingdom'
288,'Ellie Campbell','EllieCampbell3072@cuvox.gb','Ellie','Campbell','Europe','United Kingdom'
289,'Gabriel Rahman','GabrielRahman5929@einrot.gb','Gabriel','Rahman','Europe','United Kingdom'
290,'Isabelle Palmer','IsabellePalmer720@cuvox.gb','Isabelle','Palmer','Europe','United Kingdom'
291,'Phoebe Griffiths','PhoebeGriffiths6744@dayrep.gb','Phoebe','Griffiths','Europe','United Kingdom'
292,'Chelsea Gill','ChelseaGill1486@superrito.gb','Chelsea','Gill','Europe','United Kingdom'
293,'Sophia Pickering','SophiaPickering6980@rhyta.gb','Sophia','Pickering','Europe','United Kingdom'
294,'Paige Hobbs','PaigeHobbs7994@teleworm.gb','Paige','Hobbs','Europe','United Kingdom'
295,'Elliot Ferguson','ElliotFerguson4913@teleworm.gb','Elliot','Ferguson','Europe','United Kingdom'
296,'Georgina Norman','GeorginaNorman5298@jourrapide.gb','Georgina','Norman','Europe','United Kingdom'
297,'Lilly Hale','LillyHale8008@dayrep.gb','Lilly','Hale','Europe','United Kingdom'
298,'Eve Gough','EveGough932@gustr.gb','Eve','Gough','Europe','United Kingdom'
299,'Elliot Butcher','ElliotButcher3460@superrito.gb','Elliot','Butcher','Europe','United Kingdom'
300,'Eleanor Henry','EleanorHenry7941@armyspy.gb','Eleanor','Henry','Europe','United Kingdom'
301,'Samuel Howe','SamuelHowe1557@superrito.gb','Samuel','Howe','Europe','United Kingdom'
302,'David Watkins','DavidWatkins6805@rhyta.gb','David','Watkins','Europe','United Kingdom'
303,'Charlotte May','CharlotteMay6981@rhyta.gb','Charlotte','May','Europe','United Kingdom'
304,'Lewis Fisher','LewisFisher7370@rhyta.gb','Lewis','Fisher','Europe','United Kingdom'
305,'Eleanor Stokes','EleanorStokes532@cuvox.gb','Eleanor','Stokes','Europe','United Kingdom'
306,'Erin Fleming','ErinFleming6777@einrot.gb','Erin','Fleming','Europe','United Kingdom'
307,'Jay King','JayKing6806@armyspy.gb','Jay','King','Europe','United Kingdom'
308,'Tilly Duffy','TillyDuffy8632@gustr.gb','Tilly','Duffy','Europe','United Kingdom'
309,'Joel Donnelly','JoelDonnelly705@armyspy.gb','Joel','Donnelly','Europe','United Kingdom'
310,'Morgan Franklin','MorganFranklin5224@armyspy.gb','Morgan','Franklin','Europe','United Kingdom'
311,'Eva Mahmood','EvaMahmood9440@superrito.gb','Eva','Mahmood','Europe','United Kingdom'
312,'Daisy Dunn','DaisyDunn7568@cuvox.gb','Daisy','Dunn','Europe','United Kingdom'
313,'Nicholas Tyler','NicholasTyler2573@teleworm.gb','Nicholas','Tyler','Europe','United Kingdom'
314,'Sebastian Cook','SebastianCook3420@dayrep.gb','Sebastian','Cook','Europe','United Kingdom'
315,'Victoria Barber','VictoriaBarber8826@dayrep.gb','Victoria','Barber','Europe','United Kingdom'
316,'Riley Sullivan','RileySullivan7698@dayrep.gb','Riley','Sullivan','Europe','United Kingdom'
317,'Molly Wade','MollyWade1519@dayrep.gb','Molly','Wade','Europe','United Kingdom'
318,'Taylor Iqbal','TaylorIqbal6808@einrot.gb','Taylor','Iqbal','Europe','United Kingdom'
319,'Alex Preston','AlexPreston9487@superrito.gb','Alex','Preston','Europe','United Kingdom'
320,'Lydia Marsh','LydiaMarsh1953@jourrapide.gb','Lydia','Marsh','Europe','United Kingdom'
321,'Peter Woodward','PeterWoodward6446@cuvox.gb','Peter','Woodward','Europe','United Kingdom'
322,'Eve Bryan','EveBryan5632@gustr.gb','Eve','Bryan','Europe','United Kingdom'
323,'Morgan Kirk','MorganKirk7804@jourrapide.gb','Morgan','Kirk','Europe','United Kingdom'
324,'Alexandra Blackburn','AlexandraBlackburn3357@einrot.gb','Alexandra','Blackburn','Europe','United Kingdom'
325,'Laura Parkes','LauraParkes5333@gustr.gb','Laura','Parkes','Europe','United Kingdom'
326,'Sam Wall','SamWall4826@jourrapide.gb','Sam','Wall','Europe','United Kingdom'
327,'Skye Rowe','SkyeRowe1255@teleworm.gb','Skye','Rowe','Europe','United Kingdom'
328,'Ethan Read','EthanRead1777@jourrapide.gb','Ethan','Read','Europe','United Kingdom'
329,'Zak Clayton','ZakClayton3044@einrot.gb','Zak','Clayton','Europe','United Kingdom'
330,'Tyler Oliver','TylerOliver5824@armyspy.gb','Tyler','Oliver','Europe','United Kingdom'
331,'Abigail Bryan','AbigailBryan8244@jourrapide.gb','Abigail','Bryan','Europe','United Kingdom'
332,'Reece Reid','ReeceReid6598@cuvox.gb','Reece','Reid','Europe','United Kingdom'
333,'Sofia Andrews','SofiaAndrews818@dayrep.gb','Sofia','Andrews','Europe','United Kingdom'
334,'David Barton','DavidBarton7904@jourrapide.gb','David','Barton','Europe','United Kingdom'
335,'Jayden Cunningham','JaydenCunningham2740@rhyta.gb','Jayden','Cunningham','Europe','United Kingdom'
336,'Gabriel Butler','GabrielButler292@teleworm.gb','Gabriel','Butler','Europe','United Kingdom'
337,'Rebecca North','RebeccaNorth3693@superrito.gb','Rebecca','North','Europe','United Kingdom'
338,'Kyle Kay','KyleKay9883@dayrep.gb','Kyle','Kay','Europe','United Kingdom'
339,'Gracie Day','GracieDay7369@cuvox.gb','Gracie','Day','Europe','United Kingdom'
340,'Nicholas Duffy','NicholasDuffy74@armyspy.gb','Nicholas','Duffy','Europe','United Kingdom'
341,'Amy Gardiner','AmyGardiner6310@jourrapide.gb','Amy','Gardiner','Europe','United Kingdom'
342,'Samantha Stanley','SamanthaStanley4727@armyspy.gb','Samantha','Stanley','Europe','United Kingdom'
343,'Rachel Brookes','RachelBrookes1893@superrito.gb','Rachel','Brookes','Europe','United Kingdom'
344,'Jennifer Potter','JenniferPotter7748@gustr.gb','Jennifer','Potter','Europe','United Kingdom'
345,'Hannah Atkinson','HannahAtkinson1987@gustr.gb','Hannah','Atkinson','Europe','United Kingdom'
346,'Maddison Bennett','MaddisonBennett9672@superrito.gb','Maddison','Bennett','Europe','United Kingdom'
347,'Jonathan Walton','JonathanWalton4587@armyspy.gb','Jonathan','Walton','Europe','United Kingdom'
348,'Archie Walton','ArchieWalton2931@einrot.gb','Archie','Walton','Europe','United Kingdom'
349,'Jacob Stephens','JacobStephens2484@teleworm.gb','Jacob','Stephens','Europe','United Kingdom'
350,'Naomi Briggs','NaomiBriggs7018@gustr.gb','Naomi','Briggs','Europe','United Kingdom'
351,'Courtney Parker','CourtneyParker5092@einrot.gb','Courtney','Parker','Europe','United Kingdom'
352,'Callum McKenzie','CallumMcKenzie6730@teleworm.gb','Callum','McKenzie','Europe','United Kingdom'
353,'James Parker','JamesParker1594@superrito.gb','James','Parker','Europe','United Kingdom'
354,'Daniel Waters','DanielWaters8203@teleworm.gb','Daniel','Waters','Europe','United Kingdom'
355,'George Richards','GeorgeRichards5673@einrot.gb','George','Richards','Europe','United Kingdom'
356,'Charles Preston','CharlesPreston6450@armyspy.gb','Charles','Preston','Europe','United Kingdom'
357,'Oliver Power','OliverPower7297@rhyta.gb','Oliver','Power','Europe','United Kingdom'
358,'Hannah Gilbert','HannahGilbert3326@armyspy.gb','Hannah','Gilbert','Europe','United Kingdom'
359,'Eloise Robson','EloiseRobson9561@teleworm.gb','Eloise','Robson','Europe','United Kingdom'
360,'Jonathan Barton','JonathanBarton7036@gustr.gb','Jonathan','Barton','Europe','United Kingdom'
361,'Alfie Power','AlfiePower1629@cuvox.gb','Alfie','Power','Europe','United Kingdom'
362,'Benjamin Morgan','BenjaminMorgan7641@armyspy.gb','Benjamin','Morgan','Europe','United Kingdom'
363,'Olivia Wong','OliviaWong9686@superrito.gb','Olivia','Wong','Europe','United Kingdom'
364,'Lucas Hale','LucasHale5676@rhyta.gb','Lucas','Hale','Europe','United Kingdom'
365,'Imogen Barnes','ImogenBarnes7951@cuvox.gb','Imogen','Barnes','Europe','United Kingdom'
366,'Toby Hussain','TobyHussain2602@superrito.gb','Toby','Hussain','Europe','United Kingdom'
367,'Isobel Connolly','IsobelConnolly2967@jourrapide.gb','Isobel','Connolly','Europe','United Kingdom'
368,'Adam Dobson','AdamDobson667@dayrep.gb','Adam','Dobson','Europe','United Kingdom'
369,'Oscar Anderson','OscarAnderson1778@teleworm.gb','Oscar','Anderson','Europe','United Kingdom'
370,'Laura Stanley','LauraStanley5879@einrot.gb','Laura','Stanley','Europe','United Kingdom'
371,'Sarah Robson','SarahRobson2621@dayrep.gb','Sarah','Robson','Europe','United Kingdom'
372,'Alex Kaur','AlexKaur9288@superrito.gb','Alex','Kaur','Europe','United Kingdom'
373,'Toby Godfrey','TobyGodfrey2554@cuvox.gb','Toby','Godfrey','Europe','United Kingdom'
374,'Toby Birch','TobyBirch1023@jourrapide.gb','Toby','Birch','Europe','United Kingdom'
375,'Nicole Hammond','NicoleHammond3574@einrot.gb','Nicole','Hammond','Europe','United Kingdom'
376,'Samuel Kemp','SamuelKemp7001@armyspy.gb','Samuel','Kemp','Europe','United Kingdom'
377,'Samantha Cunningham','SamanthaCunningham8345@armyspy.gb','Samantha','Cunningham','Europe','United Kingdom'
378,'Alexandra Johnston','AlexandraJohnston7964@rhyta.gb','Alexandra','Johnston','Europe','United Kingdom'
379,'Leo Fisher','LeoFisher9276@superrito.gb','Leo','Fisher','Europe','United Kingdom'
380,'John Ford','JohnFord479@rhyta.gb','John','Ford','Europe','United Kingdom'
381,'Zara Wade','ZaraWade2404@superrito.gb','Zara','Wade','Europe','United Kingdom'
382,'James Woods','JamesWoods4458@gustr.gb','James','Woods','Europe','United Kingdom'
383,'Amelie Knight','AmelieKnight720@superrito.gb','Amelie','Knight','Europe','United Kingdom'
384,'Zoe Smith','ZoeSmith6407@teleworm.gb','Zoe','Smith','Europe','United Kingdom'
385,'Keira Donnelly','KeiraDonnelly1491@armyspy.gb','Keira','Donnelly','Europe','United Kingdom'
386,'Tyler Dale','TylerDale7673@rhyta.gb','Tyler','Dale','Europe','United Kingdom'
387,'Charlie Ashton','CharlieAshton5301@rhyta.gb','Charlie','Ashton','Europe','United Kingdom'
388,'Kyle John','KyleJohn3448@einrot.gb','Kyle','John','Europe','United Kingdom'
389,'Jude Franklin','JudeFranklin9533@armyspy.gb','Jude','Franklin','Europe','United Kingdom'
390,'Isobel Kent','IsobelKent4909@teleworm.gb','Isobel','Kent','Europe','United Kingdom'
391,'Freya Hodgson','FreyaHodgson8476@cuvox.gb','Freya','Hodgson','Europe','United Kingdom'
392,'Gracie Duffy','GracieDuffy5209@dayrep.gb','Gracie','Duffy','Europe','United Kingdom'
393,'Leah Ingram','LeahIngram3578@dayrep.gb','Leah','Ingram','Europe','United Kingdom'
394,'Connor Cox','ConnorCox4161@rhyta.gb','Connor','Cox','Europe','United Kingdom'
395,'Bradley Todd','BradleyTodd7832@superrito.gb','Bradley','Todd','Europe','United Kingdom'
396,'Maya Connolly','MayaConnolly6835@rhyta.gb','Maya','Connolly','Europe','United Kingdom'
397,'Logan Morgan','LoganMorgan1286@superrito.gb','Logan','Morgan','Europe','United Kingdom'
398,'Georgia Short','GeorgiaShort5272@jourrapide.gb','Georgia','Short','Europe','United Kingdom'
399,'Shannon Warren','ShannonWarren1917@armyspy.gb','Shannon','Warren','Europe','United Kingdom'
400,'Kyle Berry','KyleBerry7970@dayrep.gb','Kyle','Berry','Europe','United Kingdom'
401,'Zak Goodwin','ZakGoodwin272@einrot.gb','Zak','Goodwin','Europe','United Kingdom'
402,'Billy Warner','BillyWarner8082@jourrapide.gb','Billy','Warner','Europe','United Kingdom'
403,'Edward Berry','EdwardBerry5859@teleworm.gb','Edward','Berry','Europe','United Kingdom'
404,'Victoria Smith','VictoriaSmith6043@cuvox.gb','Victoria','Smith','Europe','United Kingdom'
405,'Olivia Allan','OliviaAllan2444@cuvox.gb','Olivia','Allan','Europe','United Kingdom'
406,'Lucy Ashton','LucyAshton6102@teleworm.gb','Lucy','Ashton','Europe','United Kingdom'
407,'Alisha Field','AlishaField2422@einrot.gb','Alisha','Field','Europe','United Kingdom'
408,'Isabelle Harding','IsabelleHarding9860@jourrapide.gb','Isabelle','Harding','Europe','United Kingdom'
409,'Madeleine Short','MadeleineShort624@einrot.gb','Madeleine','Short','Europe','United Kingdom'
410,'Dylan Fleming','DylanFleming8710@armyspy.gb','Dylan','Fleming','Europe','United Kingdom'
411,'Adam McDonald','AdamMcDonald1612@superrito.gb','Adam','McDonald','Europe','United Kingdom'
412,'Scott McDonald','ScottMcDonald1578@rhyta.gb','Scott','McDonald','Europe','United Kingdom'
413,'Lara Bond','LaraBond2100@einrot.gb','Lara','Bond','Europe','United Kingdom'
414,'Alexandra Elliott','AlexandraElliott4293@dayrep.gb','Alexandra','Elliott','Europe','United Kingdom'
415,'Patrick Walker','PatrickWalker4332@cuvox.gb','Patrick','Walker','Europe','United Kingdom'
416,'Edward Watson','EdwardWatson3502@superrito.gb','Edward','Watson','Europe','United Kingdom'
417,'Maya Roberts','MayaRoberts9577@dayrep.gb','Maya','Roberts','Europe','United Kingdom'
418,'Anna Mahmood','AnnaMahmood5830@dayrep.gb','Anna','Mahmood','Europe','United Kingdom'
419,'Christopher Shah','ChristopherShah7607@cuvox.gb','Christopher','Shah','Europe','United Kingdom'
420,'Edward Miah','EdwardMiah7039@jourrapide.gb','Edward','Miah','Europe','United Kingdom'
421,'Scarlett Wilkinson','ScarlettWilkinson9729@gustr.gb','Scarlett','Wilkinson','Europe','United Kingdom'
422,'Robert Green','RobertGreen5129@gustr.gb','Robert','Green','Europe','United Kingdom'
423,'Kai Harding','KaiHarding9365@teleworm.gb','Kai','Harding','Europe','United Kingdom'
424,'Jennifer Bull','JenniferBull829@superrito.gb','Jennifer','Bull','Europe','United Kingdom'
425,'Abigail Osborne','AbigailOsborne7511@armyspy.gb','Abigail','Osborne','Europe','United Kingdom'
426,'Aaliyah Stone','AaliyahStone6736@superrito.gb','Aaliyah','Stone','Europe','United Kingdom'
427,'Kai Moore','KaiMoore7235@einrot.gb','Kai','Moore','Europe','United Kingdom'
428,'Luca Dennis','LucaDennis6730@cuvox.gb','Luca','Dennis','Europe','United Kingdom'
429,'Imogen Patel','ImogenPatel1052@dayrep.gb','Imogen','Patel','Europe','United Kingdom'
430,'Megan Wood','MeganWood6962@einrot.gb','Megan','Wood','Europe','United Kingdom'
431,'Georgia Wood','GeorgiaWood1510@rhyta.gb','Georgia','Wood','Europe','United Kingdom'
432,'Lauren Jackson','LaurenJackson4881@gustr.gb','Lauren','Jackson','Europe','United Kingdom'
433,'Jennifer Tyler','JenniferTyler9633@einrot.gb','Jennifer','Tyler','Europe','United Kingdom'
434,'Alfie Ferguson','AlfieFerguson8584@cuvox.gb','Alfie','Ferguson','Europe','United Kingdom'
435,'Lydia Holland','LydiaHolland7230@armyspy.gb','Lydia','Holland','Europe','United Kingdom'
436,'Lara Williams','LaraWilliams2128@cuvox.gb','Lara','Williams','Europe','United Kingdom'
437,'Zara Shepherd','ZaraShepherd9751@teleworm.gb','Zara','Shepherd','Europe','United Kingdom'
438,'Freddie Manning','FreddieManning876@teleworm.gb','Freddie','Manning','Europe','United Kingdom'
439,'Daniel Gordon','DanielGordon4925@dayrep.gb','Daniel','Gordon','Europe','United Kingdom'
440,'David Kerr','DavidKerr4913@rhyta.gb','David','Kerr','Europe','United Kingdom'
441,'Charlie Griffin','CharlieGriffin7558@rhyta.gb','Charlie','Griffin','Europe','United Kingdom'
442,'Isobel Bibi','IsobelBibi4830@armyspy.gb','Isobel','Bibi','Europe','United Kingdom'
443,'Leah Lane','LeahLane3930@dayrep.gb','Leah','Lane','Europe','United Kingdom'
444,'Zak Kennedy','ZakKennedy2138@armyspy.gb','Zak','Kennedy','Europe','United Kingdom'
445,'Sean Smith','SeanSmith37@superrito.gb','Sean','Smith','Europe','United Kingdom'
446,'Leon Coates','LeonCoates1809@teleworm.gb','Leon','Coates','Europe','United Kingdom'
447,'Tegan Allen','TeganAllen9278@jourrapide.gb','Tegan','Allen','Europe','United Kingdom'
448,'Rhys Grant','RhysGrant783@teleworm.gb','Rhys','Grant','Europe','United Kingdom'
449,'Joe Frost','JoeFrost3551@jourrapide.gb','Joe','Frost','Europe','United Kingdom'
450,'Charles Bryan','CharlesBryan879@dayrep.gb','Charles','Bryan','Europe','United Kingdom'
451,'Jonathan Gough','JonathanGough2267@cuvox.gb','Jonathan','Gough','Europe','United Kingdom'
452,'Leo Preston','LeoPreston9095@armyspy.gb','Leo','Preston','Europe','United Kingdom'
453,'Benjamin Hurst','BenjaminHurst6847@dayrep.gb','Benjamin','Hurst','Europe','United Kingdom'
454,'Zak Day','ZakDay1923@gustr.gb','Zak','Day','Europe','United Kingdom'
455,'Adam Moran','AdamMoran2558@einrot.gb','Adam','Moran','Europe','United Kingdom'
456,'Gabriel Ross','GabrielRoss3447@teleworm.gb','Gabriel','Ross','Europe','United Kingdom'
457,'Josh Bell','JoshBell3566@gustr.gb','Josh','Bell','Europe','United Kingdom'
458,'Caitlin Page','CaitlinPage7849@dayrep.gb','Caitlin','Page','Europe','United Kingdom'
459,'Daisy Chambers','DaisyChambers9193@einrot.gb','Daisy','Chambers','Europe','United Kingdom'
460,'Jake Gill','JakeGill574@superrito.gb','Jake','Gill','Europe','United Kingdom'
461,'Natasha Holland','NatashaHolland9683@armyspy.gb','Natasha','Holland','Europe','United Kingdom'
462,'Chelsea Clarke','ChelseaClarke2391@cuvox.gb','Chelsea','Clarke','Europe','United Kingdom'
463,'Sofia Kirk','SofiaKirk5374@cuvox.gb','Sofia','Kirk','Europe','United Kingdom'
464,'Tom Hammond','TomHammond4008@jourrapide.gb','Tom','Hammond','Europe','United Kingdom'
465,'Mohammad Bailey','MohammadBailey3419@rhyta.gb','Mohammad','Bailey','Europe','United Kingdom'
466,'Abbie Preston','AbbiePreston5545@jourrapide.gb','Abbie','Preston','Europe','United Kingdom'
467,'Jasmine Bull','JasmineBull2174@superrito.gb','Jasmine','Bull','Europe','United Kingdom'
468,'Sarah Sims','SarahSims3928@superrito.gb','Sarah','Sims','Europe','United Kingdom'
469,'Lola Dobson','LolaDobson4045@dayrep.gb','Lola','Dobson','Europe','United Kingdom'
470,'Josh Fitzgerald','JoshFitzgerald5568@cuvox.gb','Josh','Fitzgerald','Europe','United Kingdom'
471,'Sophie Lawson','SophieLawson4611@gustr.gb','Sophie','Lawson','Europe','United Kingdom'
472,'Molly Howarth','MollyHowarth626@superrito.gb','Molly','Howarth','Europe','United Kingdom'
473,'Reece Sims','ReeceSims7433@teleworm.gb','Reece','Sims','Europe','United Kingdom'
474,'Zachary Webb','ZacharyWebb3030@rhyta.gb','Zachary','Webb','Europe','United Kingdom'
475,'Ewan Storey','EwanStorey5749@teleworm.gb','Ewan','Storey','Europe','United Kingdom'
476,'Bradley Richards','BradleyRichards5859@cuvox.gb','Bradley','Richards','Europe','United Kingdom'
477,'Alfie Brown','AlfieBrown6735@jourrapide.gb','Alfie','Brown','Europe','United Kingdom'
478,'Sophie McCarthy','SophieMcCarthy8003@cuvox.gb','Sophie','McCarthy','Europe','United Kingdom'
479,'Isabel Walsh','IsabelWalsh6265@cuvox.gb','Isabel','Walsh','Europe','United Kingdom'
480,'Muhammad Mills','MuhammadMills5525@teleworm.gb','Muhammad','Mills','Europe','United Kingdom'
481,'Naomi Jones','NaomiJones2411@teleworm.gb','Naomi','Jones','Europe','United Kingdom'
482,'Ruby Barrett','RubyBarrett7341@armyspy.gb','Ruby','Barrett','Europe','United Kingdom'
483,'Madeleine Day','MadeleineDay6734@teleworm.gb','Madeleine','Day','Europe','United Kingdom'
484,'Sebastian Boyle','SebastianBoyle9495@dayrep.gb','Sebastian','Boyle','Europe','United Kingdom'
485,'Matilda Townsend','MatildaTownsend461@einrot.gb','Matilda','Townsend','Europe','United Kingdom'
486,'Mia Cartwright','MiaCartwright6059@superrito.gb','Mia','Cartwright','Europe','United Kingdom'
487,'Poppy Townsend','PoppyTownsend7202@teleworm.gb','Poppy','Townsend','Europe','United Kingdom'
488,'Lilly Howarth','LillyHowarth9625@cuvox.gb','Lilly','Howarth','Europe','United Kingdom'
489,'Jonathan Lawson','JonathanLawson1165@rhyta.gb','Jonathan','Lawson','Europe','United Kingdom'
490,'Abby Fleming','AbbyFleming4176@armyspy.gb','Abby','Fleming','Europe','United Kingdom'
491,'Callum Rose','CallumRose1129@teleworm.gb','Callum','Rose','Europe','United Kingdom'
492,'Maddison Edwards','MaddisonEdwards443@gustr.gb','Maddison','Edwards','Europe','United Kingdom'
493,'Ruby Lynch','RubyLynch9691@superrito.gb','Ruby','Lynch','Europe','United Kingdom'
494,'Zara Hughes','ZaraHughes6407@gustr.gb','Zara','Hughes','Europe','United Kingdom'
495,'Mohammad Hardy','MohammadHardy6520@einrot.gb','Mohammad','Hardy','Europe','United Kingdom'
496,'Leo Owens','LeoOwens4089@jourrapide.gb','Leo','Owens','Europe','United Kingdom'
497,'Joe Giles','JoeGiles1361@superrito.gb','Joe','Giles','Europe','United Kingdom'
498,'William Gordon','WilliamGordon7662@armyspy.gb','William','Gordon','Europe','United Kingdom'
499,'Kian Cameron','KianCameron7095@armyspy.gb','Kian','Cameron','Europe','United Kingdom'
500,'Scarlett Akhtar','ScarlettAkhtar4556@cuvox.gb','Scarlett','Akhtar','Europe','United Kingdom'
501,'Gracie Richardson','GracieRichardson810@superrito.gb','Gracie','Richardson','Europe','United Kingdom'
502,'Grace Grant','GraceGrant9076@einrot.gb','Grace','Grant','Europe','United Kingdom'
503,'Daniel Barrett','DanielBarrett1952@einrot.gb','Daniel','Barrett','Europe','United Kingdom'
504,'Harley Brown','HarleyBrown8414@armyspy.gb','Harley','Brown','Europe','United Kingdom'
505,'Isaac Gould','IsaacGould8597@superrito.gb','Isaac','Gould','Europe','United Kingdom'
506,'Hannah Gilbert','HannahGilbert5827@armyspy.gb','Hannah','Gilbert','Europe','United Kingdom'
507,'Victoria White','VictoriaWhite5438@dayrep.gb','Victoria','White','Europe','United Kingdom'
508,'Cameron Marshall','CameronMarshall7822@rhyta.gb','Cameron','Marshall','Europe','United Kingdom'
509,'Cerys Dixon','CerysDixon7389@gustr.gb','Cerys','Dixon','Europe','United Kingdom'
510,'Scott Dyer','ScottDyer4370@gustr.gb','Scott','Dyer','Europe','United Kingdom'
511,'Josh Dean','JoshDean6122@gustr.gb','Josh','Dean','Europe','United Kingdom'
512,'Lauren Farmer','LaurenFarmer1135@jourrapide.gb','Lauren','Farmer','Europe','United Kingdom'
513,'Dylan Savage','DylanSavage2403@rhyta.gb','Dylan','Savage','Europe','United Kingdom'
514,'Melissa Davies','MelissaDavies4941@armyspy.gb','Melissa','Davies','Europe','United Kingdom'
515,'Megan Hartley','MeganHartley6491@gustr.gb','Megan','Hartley','Europe','United Kingdom'
516,'David Kerr','DavidKerr7248@rhyta.gb','David','Kerr','Europe','United Kingdom'
517,'Joshua Sharpe','JoshuaSharpe1025@teleworm.gb','Joshua','Sharpe','Europe','United Kingdom'
518,'Kayleigh Sharp','KayleighSharp5604@jourrapide.gb','Kayleigh','Sharp','Europe','United Kingdom'
519,'Cameron Banks','CameronBanks2851@gustr.gb','Cameron','Banks','Europe','United Kingdom'
520,'Zachary Donnelly','ZacharyDonnelly7679@superrito.gb','Zachary','Donnelly','Europe','United Kingdom'
521,'Amelia Fuller','AmeliaFuller9972@cuvox.gb','Amelia','Fuller','Europe','United Kingdom'
522,'Elizabeth Turnbull','ElizabethTurnbull3864@superrito.gb','Elizabeth','Turnbull','Europe','United Kingdom'
523,'Noah French','NoahFrench1341@jourrapide.gb','Noah','French','Europe','United Kingdom'
524,'Isaac Gibbs','IsaacGibbs5714@dayrep.gb','Isaac','Gibbs','Europe','United Kingdom'
525,'Elliot Kent','ElliotKent8898@dayrep.gb','Elliot','Kent','Europe','United Kingdom'
526,'Isabella Wheeler','IsabellaWheeler1151@superrito.gb','Isabella','Wheeler','Europe','United Kingdom'
527,'Samantha Cox','SamanthaCox4433@cuvox.gb','Samantha','Cox','Europe','United Kingdom'
528,'Jack Burns','JackBurns8826@teleworm.gb','Jack','Burns','Europe','United Kingdom'
529,'Hayden Perry','HaydenPerry6939@dayrep.gb','Hayden','Perry','Europe','United Kingdom'
530,'Zachary Howard','ZacharyHoward3922@einrot.gb','Zachary','Howard','Europe','United Kingdom'
531,'Chloe Hargreaves','ChloeHargreaves7803@einrot.gb','Chloe','Hargreaves','Europe','United Kingdom'
532,'James Mahmood','JamesMahmood828@dayrep.gb','James','Mahmood','Europe','United Kingdom'
533,'Mia Stokes','MiaStokes3824@rhyta.gb','Mia','Stokes','Europe','United Kingdom'
534,'Leah Long','LeahLong6132@gustr.gb','Leah','Long','Europe','United Kingdom'
535,'Mollie Bevan','MollieBevan580@rhyta.gb','Mollie','Bevan','Europe','United Kingdom'
536,'Mohammed Fleming','MohammedFleming7929@einrot.gb','Mohammed','Fleming','Europe','United Kingdom'
537,'Thomas Joyce','ThomasJoyce2600@cuvox.gb','Thomas','Joyce','Europe','United Kingdom'
538,'Edward Pope','EdwardPope4698@jourrapide.gb','Edward','Pope','Europe','United Kingdom'
539,'Grace Giles','GraceGiles5964@dayrep.gb','Grace','Giles','Europe','United Kingdom'
540,'Libby Walters','LibbyWalters2455@superrito.gb','Libby','Walters','Europe','United Kingdom'
541,'Joe Middleton','JoeMiddleton562@superrito.gb','Joe','Middleton','Europe','United Kingdom'
542,'Jack Garner','JackGarner8345@einrot.gb','Jack','Garner','Europe','United Kingdom'
543,'Caitlin Norton','CaitlinNorton7767@superrito.gb','Caitlin','Norton','Europe','United Kingdom'
544,'Libby Payne','LibbyPayne1703@cuvox.gb','Libby','Payne','Europe','United Kingdom'
545,'Kian Jarvis','KianJarvis9619@armyspy.gb','Kian','Jarvis','Europe','United Kingdom'
546,'Riley Bird','RileyBird3339@armyspy.gb','Riley','Bird','Europe','United Kingdom'
547,'James Carey','JamesCarey5303@superrito.gb','James','Carey','Europe','United Kingdom'
548,'Oliver Spencer','OliverSpencer5410@armyspy.gb','Oliver','Spencer','Europe','United Kingdom'
549,'Dylan Miller','DylanMiller9086@jourrapide.gb','Dylan','Miller','Europe','United Kingdom'
550,'George Wilkinson','GeorgeWilkinson7472@gustr.gb','George','Wilkinson','Europe','United Kingdom'
551,'Naomi John','NaomiJohn8682@jourrapide.gb','Naomi','John','Europe','United Kingdom'
552,'Tom Watts','TomWatts8625@gustr.gb','Tom','Watts','Europe','United Kingdom'
553,'Jacob Hicks','JacobHicks8141@dayrep.gb','Jacob','Hicks','Europe','United Kingdom'
554,'Alex Mahmood','AlexMahmood270@einrot.gb','Alex','Mahmood','Europe','United Kingdom'
555,'Scott Donnelly','ScottDonnelly9357@teleworm.gb','Scott','Donnelly','Europe','United Kingdom'
556,'David Fry','DavidFry5679@cuvox.gb','David','Fry','Europe','United Kingdom'
557,'Joe King','JoeKing3231@dayrep.gb','Joe','King','Europe','United Kingdom'
558,'Ella Metcalfe','EllaMetcalfe1694@einrot.gb','Ella','Metcalfe','Europe','United Kingdom'
559,'Ben Sharp','BenSharp9459@einrot.gb','Ben','Sharp','Europe','United Kingdom'
560,'Zachary Lowe','ZacharyLowe3515@jourrapide.gb','Zachary','Lowe','Europe','United Kingdom'
561,'James McDonald','JamesMcDonald3971@superrito.gb','James','McDonald','Europe','United Kingdom'
562,'Connor Gough','ConnorGough187@gustr.gb','Connor','Gough','Europe','United Kingdom'
563,'Cameron Murray','CameronMurray6957@gustr.gb','Cameron','Murray','Europe','United Kingdom'
564,'Zak Rahman','ZakRahman3769@cuvox.gb','Zak','Rahman','Europe','United Kingdom'
565,'Jamie Swift','JamieSwift6349@rhyta.gb','Jamie','Swift','Europe','United Kingdom'
566,'Bethany Fitzgerald','BethanyFitzgerald5676@gustr.gb','Bethany','Fitzgerald','Europe','United Kingdom'
567,'Declan West','DeclanWest6433@einrot.gb','Declan','West','Europe','United Kingdom'
568,'Laura Barnes','LauraBarnes1780@dayrep.gb','Laura','Barnes','Europe','United Kingdom'
569,'Henry Carter','HenryCarter9473@einrot.gb','Henry','Carter','Europe','United Kingdom'
570,'Jack Hall','JackHall1796@jourrapide.gb','Jack','Hall','Europe','United Kingdom'
571,'Evie Hart','EvieHart7916@jourrapide.gb','Evie','Hart','Europe','United Kingdom'
572,'Connor Garner','ConnorGarner45@teleworm.gb','Connor','Garner','Europe','United Kingdom'
573,'Jodie Bailey','JodieBailey7707@cuvox.gb','Jodie','Bailey','Europe','United Kingdom'
574,'Luke Nash','LukeNash4355@jourrapide.gb','Luke','Nash','Europe','United Kingdom'
575,'Scarlett Osborne','ScarlettOsborne6822@armyspy.gb','Scarlett','Osborne','Europe','United Kingdom'
576,'Katie O''Neill','KatieONeill2696@cuvox.gb','Katie','O''Neill','Europe','United Kingdom'
577,'Jake Higgins','JakeHiggins7517@armyspy.gb','Jake','Higgins','Europe','United Kingdom'
578,'Lydia Garner','LydiaGarner3819@dayrep.gb','Lydia','Garner','Europe','United Kingdom'
579,'Cerys Burton','CerysBurton1156@einrot.gb','Cerys','Burton','Europe','United Kingdom'
580,'Keira Preston','KeiraPreston5141@armyspy.gb','Keira','Preston','Europe','United Kingdom'
581,'Liam Rice','LiamRice6382@teleworm.gb','Liam','Rice','Europe','United Kingdom'
582,'Elliot Chan','ElliotChan3695@dayrep.gb','Elliot','Chan','Europe','United Kingdom'
583,'Jacob Holden','JacobHolden5539@teleworm.gb','Jacob','Holden','Europe','United Kingdom'
584,'Dominic Gould','DominicGould8650@jourrapide.gb','Dominic','Gould','Europe','United Kingdom'
585,'Harriet Shah','HarrietShah7740@einrot.gb','Harriet','Shah','Europe','United Kingdom'
586,'Aidan Bryan','AidanBryan9670@dayrep.gb','Aidan','Bryan','Europe','United Kingdom'
587,'Lara Daniels','LaraDaniels7448@jourrapide.gb','Lara','Daniels','Europe','United Kingdom'
588,'Tyler Young','TylerYoung7313@rhyta.gb','Tyler','Young','Europe','United Kingdom'
589,'Jordan Arnold','JordanArnold7341@teleworm.gb','Jordan','Arnold','Europe','United Kingdom'
590,'Amelia Wheeler','AmeliaWheeler1533@jourrapide.gb','Amelia','Wheeler','Europe','United Kingdom'
591,'Madison Webb','MadisonWebb2214@jourrapide.gb','Madison','Webb','Europe','United Kingdom'
592,'Sophia Lamb','SophiaLamb6862@jourrapide.gb','Sophia','Lamb','Europe','United Kingdom'
593,'Ryan Welch','RyanWelch1359@gustr.gb','Ryan','Welch','Europe','United Kingdom'
594,'Jodie Howells','JodieHowells7906@teleworm.gb','Jodie','Howells','Europe','United Kingdom'
595,'Toby Law','TobyLaw1299@superrito.gb','Toby','Law','Europe','United Kingdom'
596,'Eve Osborne','EveOsborne1629@einrot.gb','Eve','Osborne','Europe','United Kingdom'
597,'Sophia Brown','SophiaBrown5040@gustr.gb','Sophia','Brown','Europe','United Kingdom'
598,'Luca Lewis','LucaLewis8504@dayrep.gb','Luca','Lewis','Europe','United Kingdom'
599,'Callum Powell','CallumPowell6727@einrot.gb','Callum','Powell','Europe','United Kingdom'
600,'George Stone','GeorgeStone6953@cuvox.gb','George','Stone','Europe','United Kingdom'
601,'Millie Parsons','MillieParsons7948@teleworm.gb','Millie','Parsons','Europe','United Kingdom'
602,'Elliot Cooper','ElliotCooper4952@teleworm.gb','Elliot','Cooper','Europe','United Kingdom'
603,'Lara Harrison','LaraHarrison5154@cuvox.gb','Lara','Harrison','Europe','United Kingdom'
604,'Jay Thornton','JayThornton3604@einrot.gb','Jay','Thornton','Europe','United Kingdom'
605,'Chelsea Clarke','ChelseaClarke5149@cuvox.gb','Chelsea','Clarke','Europe','United Kingdom'
606,'Natasha Fuller','NatashaFuller4910@gustr.gb','Natasha','Fuller','Europe','United Kingdom'
607,'Finlay Wheeler','FinlayWheeler7134@superrito.gb','Finlay','Wheeler','Europe','United Kingdom'
608,'Kai Law','KaiLaw7649@armyspy.gb','Kai','Law','Europe','United Kingdom'
609,'Maddison Graham','MaddisonGraham4206@cuvox.gb','Maddison','Graham','Europe','United Kingdom'
610,'Laura Dixon','LauraDixon2030@rhyta.gb','Laura','Dixon','Europe','United Kingdom'
611,'Maddison Dawson','MaddisonDawson7151@teleworm.gb','Maddison','Dawson','Europe','United Kingdom'
612,'Josh Fitzgerald','JoshFitzgerald8203@cuvox.gb','Josh','Fitzgerald','Europe','United Kingdom'
613,'Isabel Morton','IsabelMorton9589@armyspy.gb','Isabel','Morton','Europe','United Kingdom'
614,'Katie Armstrong','KatieArmstrong3557@jourrapide.gb','Katie','Armstrong','Europe','United Kingdom'
615,'Luke Douglas','LukeDouglas6786@cuvox.gb','Luke','Douglas','Europe','United Kingdom'
616,'Tom Dennis','TomDennis9312@einrot.gb','Tom','Dennis','Europe','United Kingdom'
617,'Faith Stephenson','FaithStephenson1867@jourrapide.gb','Faith','Stephenson','Europe','United Kingdom'
618,'Summer Osborne','SummerOsborne424@armyspy.gb','Summer','Osborne','Europe','United Kingdom'
619,'Madison Baldwin','MadisonBaldwin4496@cuvox.gb','Madison','Baldwin','Europe','United Kingdom'
620,'Ruby Turner','RubyTurner830@dayrep.gb','Ruby','Turner','Europe','United Kingdom'
621,'Leo Bennett','LeoBennett9184@einrot.gb','Leo','Bennett','Europe','United Kingdom'
622,'Ewan Stewart','EwanStewart7853@gustr.gb','Ewan','Stewart','Europe','United Kingdom'
623,'Jack Hall','JackHall8878@jourrapide.gb','Jack','Hall','Europe','United Kingdom'
624,'Amber Schofield','AmberSchofield2569@einrot.gb','Amber','Schofield','Europe','United Kingdom'
625,'Matthew Coates','MatthewCoates2633@armyspy.gb','Matthew','Coates','Europe','United Kingdom'
626,'Brandon Hill','BrandonHill8730@rhyta.gb','Brandon','Hill','Europe','United Kingdom'
627,'Elise Preston','ElisePreston4841@superrito.gb','Elise','Preston','Europe','United Kingdom'
628,'Sienna Jackson','SiennaJackson9429@teleworm.gb','Sienna','Jackson','Europe','United Kingdom'
629,'Jacob Wallace','JacobWallace3347@armyspy.gb','Jacob','Wallace','Europe','United Kingdom'
630,'Maisie McLean','MaisieMcLean4571@dayrep.gb','Maisie','McLean','Europe','United Kingdom'
631,'Paige Metcalfe','PaigeMetcalfe7864@gustr.gb','Paige','Metcalfe','Europe','United Kingdom'
632,'Muhammad Wheeler','MuhammadWheeler7263@jourrapide.gb','Muhammad','Wheeler','Europe','United Kingdom'
633,'Evie Barrett','EvieBarrett4828@teleworm.gb','Evie','Barrett','Europe','United Kingdom'
634,'Bethany Myers','BethanyMyers4513@dayrep.gb','Bethany','Myers','Europe','United Kingdom'
635,'Cerys Carey','CerysCarey5406@teleworm.gb','Cerys','Carey','Europe','United Kingdom'
636,'Lilly Donnelly','LillyDonnelly6391@teleworm.gb','Lilly','Donnelly','Europe','United Kingdom'
637,'Dominic Leonard','DominicLeonard4975@teleworm.gb','Dominic','Leonard','Europe','United Kingdom'
638,'Sam Long','SamLong2426@superrito.gb','Sam','Long','Europe','United Kingdom'
639,'Demi Palmer','DemiPalmer7863@superrito.gb','Demi','Palmer','Europe','United Kingdom'
640,'Alexander Phillips','AlexanderPhillips2760@gustr.gb','Alexander','Phillips','Europe','United Kingdom'
641,'Joseph Lawrence','JosephLawrence7764@jourrapide.gb','Joseph','Lawrence','Europe','United Kingdom'
642,'George Hughes','GeorgeHughes240@gustr.gb','George','Hughes','Europe','United Kingdom'
643,'Emma George','EmmaGeorge3487@superrito.gb','Emma','George','Europe','United Kingdom'
644,'Melissa Fleming','MelissaFleming2266@superrito.gb','Melissa','Fleming','Europe','United Kingdom'
645,'Alex Taylor','AlexTaylor5396@jourrapide.gb','Alex','Taylor','Europe','United Kingdom'
646,'Alexandra Allen','AlexandraAllen8223@jourrapide.gb','Alexandra','Allen','Europe','United Kingdom'
647,'Sophia Banks','SophiaBanks9537@superrito.gb','Sophia','Banks','Europe','United Kingdom'
648,'Toby Shah','TobyShah8298@armyspy.gb','Toby','Shah','Europe','United Kingdom'
649,'Ben Cole','BenCole6919@rhyta.gb','Ben','Cole','Europe','United Kingdom'
650,'Brandon Lawrence','BrandonLawrence2824@jourrapide.gb','Brandon','Lawrence','Europe','United Kingdom'
651,'Chelsea Middleton','ChelseaMiddleton5290@dayrep.gb','Chelsea','Middleton','Europe','United Kingdom'
652,'Aaliyah Akhtar','AaliyahAkhtar4693@superrito.gb','Aaliyah','Akhtar','Europe','United Kingdom'
653,'Natasha Bruce','NatashaBruce2182@dayrep.gb','Natasha','Bruce','Europe','United Kingdom'
654,'Libby Atkins','LibbyAtkins247@dayrep.gb','Libby','Atkins','Europe','United Kingdom'
655,'Dominic Rahman','DominicRahman5961@gustr.gb','Dominic','Rahman','Europe','United Kingdom'
656,'Josh Wallis','JoshWallis2083@cuvox.gb','Josh','Wallis','Europe','United Kingdom'
657,'Lucas Short','LucasShort7916@teleworm.gb','Lucas','Short','Europe','United Kingdom'
658,'Anthony Potter','AnthonyPotter3047@jourrapide.gb','Anthony','Potter','Europe','United Kingdom'
659,'Zak Browne','ZakBrowne3351@rhyta.gb','Zak','Browne','Europe','United Kingdom'
660,'Morgan Macdonald','MorganMacdonald8844@teleworm.gb','Morgan','Macdonald','Europe','United Kingdom'
661,'Mia King','MiaKing2760@teleworm.gb','Mia','King','Europe','United Kingdom'
662,'Archie Holland','ArchieHolland9240@gustr.gb','Archie','Holland','Europe','United Kingdom'
663,'Logan Bradshaw','LoganBradshaw5664@gustr.gb','Logan','Bradshaw','Europe','United Kingdom'
664,'Melissa Dunn','MelissaDunn995@gustr.gb','Melissa','Dunn','Europe','United Kingdom'
665,'Chloe Hargreaves','ChloeHargreaves7163@einrot.gb','Chloe','Hargreaves','Europe','United Kingdom'
666,'Katherine Vincent','KatherineVincent2969@teleworm.gb','Katherine','Vincent','Europe','United Kingdom'
667,'Isaac Summers','IsaacSummers8210@cuvox.gb','Isaac','Summers','Europe','United Kingdom'
668,'George Barber','GeorgeBarber262@superrito.gb','George','Barber','Europe','United Kingdom'
669,'Jude Gould','JudeGould9178@dayrep.gb','Jude','Gould','Europe','United Kingdom'
670,'Andrew Coles','AndrewColes6132@einrot.gb','Andrew','Coles','Europe','United Kingdom'
671,'Kyle Greenwood','KyleGreenwood8200@jourrapide.gb','Kyle','Greenwood','Europe','United Kingdom'
672,'Anna Franklin','AnnaFranklin9492@rhyta.gb','Anna','Franklin','Europe','United Kingdom'
673,'George Miller','GeorgeMiller2788@gustr.gb','George','Miller','Europe','United Kingdom'
674,'Laura Baxter','LauraBaxter3189@jourrapide.gb','Laura','Baxter','Europe','United Kingdom'
675,'Leon Daly','LeonDaly7548@armyspy.gb','Leon','Daly','Europe','United Kingdom'
676,'Kyle Graham','KyleGraham4141@cuvox.gb','Kyle','Graham','Europe','United Kingdom'
677,'Louie Myers','LouieMyers4727@cuvox.gb','Louie','Myers','Europe','United Kingdom'
678,'Katherine Doyle','KatherineDoyle2393@superrito.gb','Katherine','Doyle','Europe','United Kingdom'
679,'Ruby Burton','RubyBurton7017@cuvox.gb','Ruby','Burton','Europe','United Kingdom'
680,'Sam Ali','SamAli8307@jourrapide.gb','Sam','Ali','Europe','United Kingdom'
681,'Cameron Hyde','CameronHyde4661@jourrapide.gb','Cameron','Hyde','Europe','United Kingdom'
682,'Isobel Kay','IsobelKay7156@einrot.gb','Isobel','Kay','Europe','United Kingdom'
683,'Logan O''Connor','LoganOConnor2045@gustr.gb','Logan','O''Connor','Europe','United Kingdom'
684,'Scott Harrison','ScottHarrison9329@dayrep.gb','Scott','Harrison','Europe','United Kingdom'
685,'Finlay Brookes','FinlayBrookes5112@einrot.gb','Finlay','Brookes','Europe','United Kingdom'
686,'Leo Barnes','LeoBarnes6429@superrito.gb','Leo','Barnes','Europe','United Kingdom'
687,'Georgia Ahmed','GeorgiaAhmed1719@rhyta.gb','Georgia','Ahmed','Europe','United Kingdom'
688,'Elliot Cooper','ElliotCooper709@teleworm.gb','Elliot','Cooper','Europe','United Kingdom'
689,'Isabella Hughes','IsabellaHughes8255@armyspy.gb','Isabella','Hughes','Europe','United Kingdom'
690,'Eve Jennings','EveJennings6447@superrito.gb','Eve','Jennings','Europe','United Kingdom'
691,'Rosie Butler','RosieButler1030@rhyta.gb','Rosie','Butler','Europe','United Kingdom'
692,'Jude Parkinson','JudeParkinson6844@gustr.gb','Jude','Parkinson','Europe','United Kingdom'
693,'Toby Sims','TobySims7312@teleworm.gb','Toby','Sims','Europe','United Kingdom'
694,'Summer Ball','SummerBall2521@cuvox.gb','Summer','Ball','Europe','United Kingdom'
695,'Phoebe Ball','PhoebeBall5809@dayrep.gb','Phoebe','Ball','Europe','United Kingdom'
696,'Chelsea Bentley','ChelseaBentley7852@teleworm.gb','Chelsea','Bentley','Europe','United Kingdom'
697,'Sean O''Connor','SeanOConnor8839@teleworm.gb','Sean','O''Connor','Europe','United Kingdom'
698,'Cameron Marshall','CameronMarshall6799@rhyta.gb','Cameron','Marshall','Europe','United Kingdom'
699,'Hayden Grant','HaydenGrant8710@rhyta.gb','Hayden','Grant','Europe','United Kingdom'
700,'Lily Miles','LilyMiles1527@jourrapide.gb','Lily','Miles','Europe','United Kingdom'
701,'Alexandra Austin','AlexandraAustin2023@gustr.gb','Alexandra','Austin','Europe','United Kingdom'
702,'Abby Jackson','AbbyJackson9971@jourrapide.gb','Abby','Jackson','Europe','United Kingdom'
703,'Jasmine Sharp','JasmineSharp5997@armyspy.gb','Jasmine','Sharp','Europe','United Kingdom'
704,'Alexandra Frost','AlexandraFrost3684@einrot.gb','Alexandra','Frost','Europe','United Kingdom'
705,'Chelsea Carter','ChelseaCarter8486@superrito.gb','Chelsea','Carter','Europe','United Kingdom'
706,'Victoria Weston','VictoriaWeston2740@rhyta.gb','Victoria','Weston','Europe','United Kingdom'
707,'Leo Woodward','LeoWoodward8400@rhyta.gb','Leo','Woodward','Europe','United Kingdom'
708,'Ellie Rice','EllieRice1354@dayrep.gb','Ellie','Rice','Europe','United Kingdom'
709,'Finley Porter','FinleyPorter8224@teleworm.gb','Finley','Porter','Europe','United Kingdom'
710,'Aaliyah Nixon','AaliyahNixon3354@dayrep.gb','Aaliyah','Nixon','Europe','United Kingdom'
711,'Archie Atkins','ArchieAtkins5927@gustr.gb','Archie','Atkins','Europe','United Kingdom'
712,'Jamie Green','JamieGreen1543@einrot.gb','Jamie','Green','Europe','United Kingdom'
713,'Samuel Yates','SamuelYates5848@rhyta.gb','Samuel','Yates','Europe','United Kingdom'
714,'Sebastian Austin','SebastianAustin6043@rhyta.gb','Sebastian','Austin','Europe','United Kingdom'
715,'Kai Humphries','KaiHumphries1159@dayrep.gb','Kai','Humphries','Europe','United Kingdom'
716,'Muhammad Johnston','MuhammadJohnston7848@gustr.gb','Muhammad','Johnston','Europe','United Kingdom'
717,'Lilly Gill','LillyGill695@dayrep.gb','Lilly','Gill','Europe','United Kingdom'
718,'Logan Parkinson','LoganParkinson686@dayrep.gb','Logan','Parkinson','Europe','United Kingdom'
719,'Erin Matthews','ErinMatthews1426@cuvox.gb','Erin','Matthews','Europe','United Kingdom'
720,'Anthony Wyatt','AnthonyWyatt162@rhyta.gb','Anthony','Wyatt','Europe','United Kingdom'
721,'Andrew Newman','AndrewNewman5517@armyspy.gb','Andrew','Newman','Europe','United Kingdom'
722,'Erin Barton','ErinBarton7043@rhyta.gb','Erin','Barton','Europe','United Kingdom'
723,'Daniel Richards','DanielRichards9077@teleworm.gb','Daniel','Richards','Europe','United Kingdom'
724,'Joe Fowler','JoeFowler1750@gustr.gb','Joe','Fowler','Europe','United Kingdom'
725,'Faith Carter','FaithCarter9226@armyspy.gb','Faith','Carter','Europe','United Kingdom'
726,'Spencer Nelson','SpencerNelson4625@jourrapide.gb','Spencer','Nelson','Europe','United Kingdom'
727,'Chloe Dale','ChloeDale5397@cuvox.gb','Chloe','Dale','Europe','United Kingdom'
728,'Zachary Howard','ZacharyHoward9272@einrot.gb','Zachary','Howard','Europe','United Kingdom'
729,'Chloe Pratt','ChloePratt2750@superrito.gb','Chloe','Pratt','Europe','United Kingdom'
730,'Harley Whitehead','HarleyWhitehead6253@superrito.gb','Harley','Whitehead','Europe','United Kingdom'
731,'Harley Whitehead','HarleyWhitehead5529@superrito.gb','Harley','Whitehead','Europe','United Kingdom'
732,'Tilly Reid','TillyReid9867@teleworm.gb','Tilly','Reid','Europe','United Kingdom'
733,'Sebastian Swift','SebastianSwift950@gustr.gb','Sebastian','Swift','Europe','United Kingdom'
734,'Molly Collins','MollyCollins9560@dayrep.gb','Molly','Collins','Europe','United Kingdom'
735,'Joseph Leach','JosephLeach2699@cuvox.gb','Joseph','Leach','Europe','United Kingdom'
736,'Reece Howell','ReeceHowell9271@teleworm.gb','Reece','Howell','Europe','United Kingdom'
737,'Ryan Payne','RyanPayne2632@dayrep.gb','Ryan','Payne','Europe','United Kingdom'
738,'Billy Abbott','BillyAbbott5363@gustr.gb','Billy','Abbott','Europe','United Kingdom'
739,'Charlotte Todd','CharlotteTodd5563@rhyta.gb','Charlotte','Todd','Europe','United Kingdom'
740,'Dominic Thorpe','DominicThorpe3620@jourrapide.gb','Dominic','Thorpe','Europe','United Kingdom'
741,'Niamh Hicks','NiamhHicks46@superrito.gb','Niamh','Hicks','Europe','United Kingdom'
742,'Logan Fletcher','LoganFletcher4807@einrot.gb','Logan','Fletcher','Europe','United Kingdom'
743,'Dylan Matthews','DylanMatthews5638@einrot.gb','Dylan','Matthews','Europe','United Kingdom'
744,'Jamie Harris','JamieHarris9157@armyspy.gb','Jamie','Harris','Europe','United Kingdom'
745,'Joel Jarvis','JoelJarvis3696@superrito.gb','Joel','Jarvis','Europe','United Kingdom'
746,'Noah Cooper','NoahCooper7932@teleworm.gb','Noah','Cooper','Europe','United Kingdom'
747,'Elizabeth Fowler','ElizabethFowler7436@einrot.gb','Elizabeth','Fowler','Europe','United Kingdom'
748,'Jake Oliver','JakeOliver2506@dayrep.gb','Jake','Oliver','Europe','United Kingdom'
749,'Melissa Chan','MelissaChan7205@cuvox.gb','Melissa','Chan','Europe','United Kingdom'
750,'Amber Campbell','AmberCampbell7157@armyspy.gb','Amber','Campbell','Europe','United Kingdom'
751,'Joseph Cunningham','JosephCunningham6226@rhyta.gb','Joseph','Cunningham','Europe','United Kingdom'
752,'Samuel Harris','SamuelHarris4127@cuvox.gb','Samuel','Harris','Europe','United Kingdom'
753,'Evie Tomlinson','EvieTomlinson2298@cuvox.gb','Evie','Tomlinson','Europe','United Kingdom'
754,'Taylor Holloway','TaylorHolloway9178@einrot.gb','Taylor','Holloway','Europe','United Kingdom'
755,'Eve Kennedy','EveKennedy2531@rhyta.gb','Eve','Kennedy','Europe','United Kingdom'
756,'Daniel Brady','DanielBrady3281@teleworm.gb','Daniel','Brady','Europe','United Kingdom'
757,'Ellis Joyce','EllisJoyce8017@gustr.gb','Ellis','Joyce','Europe','United Kingdom'
758,'Evie Bond','EvieBond6095@rhyta.gb','Evie','Bond','Europe','United Kingdom'
759,'Ryan Dodd','RyanDodd3515@dayrep.gb','Ryan','Dodd','Europe','United Kingdom'
760,'Isabella Garner','IsabellaGarner6683@jourrapide.gb','Isabella','Garner','Europe','United Kingdom'
761,'Harriet Sykes','HarrietSykes7305@dayrep.gb','Harriet','Sykes','Europe','United Kingdom'
762,'Zak Randall','ZakRandall7749@teleworm.gb','Zak','Randall','Europe','United Kingdom'
763,'Lilly Khan','LillyKhan9560@teleworm.gb','Lilly','Khan','Europe','United Kingdom'
764,'Amy Patterson','AmyPatterson9056@dayrep.gb','Amy','Patterson','Europe','United Kingdom'
765,'Harry Doherty','HarryDoherty9475@superrito.gb','Harry','Doherty','Europe','United Kingdom'
766,'Yasmin Mann','YasminMann4853@einrot.gb','Yasmin','Mann','Europe','United Kingdom'
767,'Rebecca Gilbert','RebeccaGilbert2219@einrot.gb','Rebecca','Gilbert','Europe','United Kingdom'
768,'Edward Cooke','EdwardCooke2948@einrot.gb','Edward','Cooke','Europe','United Kingdom'
769,'Ellie Richardson','EllieRichardson3299@cuvox.gb','Ellie','Richardson','Europe','United Kingdom'
770,'Lucas Hale','LucasHale8859@rhyta.gb','Lucas','Hale','Europe','United Kingdom'
771,'Max Miah','MaxMiah5202@einrot.gb','Max','Miah','Europe','United Kingdom'
772,'Isabelle Howells','IsabelleHowells8815@rhyta.gb','Isabelle','Howells','Europe','United Kingdom'
773,'Lucy Waters','LucyWaters4549@armyspy.gb','Lucy','Waters','Europe','United Kingdom'
774,'Freya Howarth','FreyaHowarth385@einrot.gb','Freya','Howarth','Europe','United Kingdom'
775,'Cameron Page','CameronPage415@teleworm.gb','Cameron','Page','Europe','United Kingdom'
776,'Isaac Gibbons','IsaacGibbons4629@superrito.gb','Isaac','Gibbons','Europe','United Kingdom'
777,'Harrison Morris','HarrisonMorris897@teleworm.gb','Harrison','Morris','Europe','United Kingdom'
778,'Imogen Burrows','ImogenBurrows6616@teleworm.gb','Imogen','Burrows','Europe','United Kingdom'
779,'Sophia Banks','SophiaBanks8698@superrito.gb','Sophia','Banks','Europe','United Kingdom'
780,'Mason Wilson','MasonWilson291@jourrapide.gb','Mason','Wilson','Europe','United Kingdom'
781,'Finlay North','FinlayNorth248@cuvox.gb','Finlay','North','Europe','United Kingdom'
782,'Billy Miller','BillyMiller3622@einrot.gb','Billy','Miller','Europe','United Kingdom'
783,'Max Robertson','MaxRobertson9987@cuvox.gb','Max','Robertson','Europe','United Kingdom'
784,'Jennifer Lawrence','JenniferLawrence3812@cuvox.gb','Jennifer','Lawrence','Europe','United Kingdom'
785,'Danielle Talbot','DanielleTalbot8538@einrot.gb','Danielle','Talbot','Europe','United Kingdom'
786,'Abby Evans','AbbyEvans243@cuvox.gb','Abby','Evans','Europe','United Kingdom'
787,'Poppy Abbott','PoppyAbbott3454@jourrapide.gb','Poppy','Abbott','Europe','United Kingdom'
788,'Sarah Giles','SarahGiles7620@cuvox.gb','Sarah','Giles','Europe','United Kingdom'
789,'Rosie Richards','RosieRichards1457@jourrapide.gb','Rosie','Richards','Europe','United Kingdom'
790,'Chelsea White','ChelseaWhite2377@dayrep.gb','Chelsea','White','Europe','United Kingdom'
791,'Connor Moore','ConnorMoore2795@dayrep.gb','Connor','Moore','Europe','United Kingdom'
792,'Alisha Knowles','AlishaKnowles860@rhyta.gb','Alisha','Knowles','Europe','United Kingdom'
793,'Taylor Nash','TaylorNash5021@dayrep.gb','Taylor','Nash','Europe','United Kingdom'
794,'Keira Johnson','KeiraJohnson9749@superrito.gb','Keira','Johnson','Europe','United Kingdom'
795,'Lilly Bowen','LillyBowen1902@dayrep.gb','Lilly','Bowen','Europe','United Kingdom'
796,'Madeleine Chan','MadeleineChan272@gustr.gb','Madeleine','Chan','Europe','United Kingdom'
797,'Spencer Parkin','SpencerParkin4875@dayrep.gb','Spencer','Parkin','Europe','United Kingdom'
798,'Elliot Kirby','ElliotKirby8797@einrot.gb','Elliot','Kirby','Europe','United Kingdom'
799,'Harry Knowles','HarryKnowles3180@dayrep.gb','Harry','Knowles','Europe','United Kingdom'
800,'Max Daniels','MaxDaniels8517@einrot.ie','Max','Daniels','Europe','Ireland'
801,'Henry Naylor','HenryNaylor6919@superrito.ie','Henry','Naylor','Europe','Ireland'
802,'Abbie Collins','AbbieCollins3591@cuvox.ie','Abbie','Collins','Europe','Ireland'
803,'Sebastian Dixon','SebastianDixon7518@jourrapide.gb','Sebastian','Dixon','Europe','United Kingdom'
804,'Bradley Morgan','BradleyMorgan6073@superrito.gb','Bradley','Morgan','Europe','United Kingdom'
805,'Victoria Mann','VictoriaMann2398@armyspy.gb','Victoria','Mann','Europe','United Kingdom'
806,'Abigail Spencer','AbigailSpencer544@superrito.gb','Abigail','Spencer','Europe','United Kingdom'
807,'Sophia Hodgson','SophiaHodgson8641@superrito.gb','Sophia','Hodgson','Europe','United Kingdom'
808,'Bailey Blackburn','BaileyBlackburn4912@jourrapide.gb','Bailey','Blackburn','Europe','United Kingdom'
809,'Archie Mahmood','ArchieMahmood4319@einrot.gb','Archie','Mahmood','Europe','United Kingdom'
810,'Kai Walker','KaiWalker2259@armyspy.gb','Kai','Walker','Europe','United Kingdom'
811,'Alexandra Shah','AlexandraShah7881@teleworm.gb','Alexandra','Shah','Europe','United Kingdom'
812,'Toby Slater','TobySlater2623@jourrapide.gb','Toby','Slater','Europe','United Kingdom'
813,'Joseph Perry','JosephPerry8681@teleworm.gb','Joseph','Perry','Europe','United Kingdom'
814,'Freya Herbert','FreyaHerbert9981@teleworm.gb','Freya','Herbert','Europe','United Kingdom'
815,'Sienna Willis','SiennaWillis3103@jourrapide.gb','Sienna','Willis','Europe','United Kingdom'
816,'Brooke Hutchinson','BrookeHutchinson5379@superrito.gb','Brooke','Hutchinson','Europe','United Kingdom'
817,'Amelia Carter','AmeliaCarter1451@einrot.gb','Amelia','Carter','Europe','United Kingdom'
818,'Alisha Davis','AlishaDavis655@cuvox.gb','Alisha','Davis','Europe','United Kingdom'
819,'Harley West','HarleyWest2326@jourrapide.gb','Harley','West','Europe','United Kingdom'
820,'Finlay Craig','FinlayCraig1779@einrot.gb','Finlay','Craig','Europe','United Kingdom'
821,'Nicholas Cooper','NicholasCooper2677@teleworm.gb','Nicholas','Cooper','Europe','United Kingdom'
822,'Skye Gibbs','SkyeGibbs672@armyspy.ie','Skye','Gibbs','Europe','Ireland'
823,'Kate Howe','KateHowe8094@rhyta.ie','Kate','Howe','Europe','Ireland'
824,'Lilly Pearson','LillyPearson5868@jourrapide.gb','Lilly','Pearson','Europe','United Kingdom'
825,'Shannon Barry','ShannonBarry646@cuvox.ie','Shannon','Barry','Europe','Ireland'
826,'Lilly Reeves','LillyReeves3319@cuvox.gb','Lilly','Reeves','Europe','United Kingdom'
827,'Morgan Farmer','MorganFarmer5335@gustr.gb','Morgan','Farmer','Europe','United Kingdom'
828,'Maya Hobbs','MayaHobbs4414@cuvox.gb','Maya','Hobbs','Europe','United Kingdom'
829,'Lara Dawson','LaraDawson4832@superrito.ie','Lara','Dawson','Europe','Ireland'
830,'Scott Chapman','ScottChapman678@cuvox.gb','Scott','Chapman','Europe','United Kingdom'
831,'Sophie Short','SophieShort7316@jourrapide.gb','Sophie','Short','Europe','United Kingdom'
832,'Megan Bray','MeganBray4415@dayrep.ie','Megan','Bray','Europe','Ireland'
833,'Riley Evans','RileyEvans8524@superrito.ie','Riley','Evans','Europe','Ireland'
834,'Madison Roberts','MadisonRoberts9013@cuvox.ie','Madison','Roberts','Europe','Ireland'
835,'Matilda Cameron','MatildaCameron8564@armyspy.ie','Matilda','Cameron','Europe','Ireland'
837,'Eva Myers','EvaMyers9044@gustr.ie','Eva','Myers','Europe','Ireland'
838,'Kian Jenkins','KianJenkins447@armyspy.gb','Kian','Jenkins','Europe','United Kingdom'
839,'Sophia Hodgson','SophiaHodgson544@superrito.ie','Sophia','Hodgson','Europe','Ireland'
840,'Robert Matthews','RobertMatthews3542@dayrep.ie','Robert','Matthews','Europe','Ireland'
841,'Rachel Dean','RachelDean6996@einrot.ie','Rachel','Dean','Europe','Ireland'
842,'Ewan Kent','EwanKent6195@einrot.gb','Ewan','Kent','Europe','United Kingdom'
843,'Daisy Gibbons','DaisyGibbons5482@superrito.gb','Daisy','Gibbons','Europe','United Kingdom'
844,'Lauren Mason','LaurenMason6486@jourrapide.ie','Lauren','Mason','Europe','Ireland'
845,'Tilly Singh','TillySingh8120@cuvox.gb','Tilly','Singh','Europe','United Kingdom'
849,'Courtney Lucas','CourtneyLucas7918@jourrapide.gb','Courtney','Lucas','Europe','United Kingdom'
852,'Tia Cross','TiaCross6022@gustr.gb','Tia','Cross','Europe','United Kingdom'
853,'Sophie Schwartz','SophieSchwartz8027@teleworm.ch','Sophie','Schwartz','Europe','Switzerland'
854,'Jana Lehrer','JanaLehrer8691@gustr.de','Jana','Lehrer','Europe','Germany'
855,'Orville Desroches','OrvilleDesroches4779@superrito.be','Orville','Desroches','Europe','Belgium'
856,'Sophie Brauer','SophieBrauer1581@jourrapide.de','Sophie','Brauer','Europe','Germany'
857,'Florian Fuchs','FlorianFuchs1264@gustr.de','Florian','Fuchs','Europe','Germany'
858,'Marcel Blau','MarcelBlau8385@jourrapide.de','Marcel','Blau','Europe','Germany'
859,'Ranger Riquier','RangerRiquier7789@dayrep.ch','Ranger','Riquier','Europe','Switzerland'
860,'Martina Gottschalk','MartinaGottschalk8308@jourrapide.de','Martina','Gottschalk','Europe','Germany'
861,'Max Braun','MaxBraun5724@rhyta.de','Max','Braun','Europe','Germany'
862,'Pinabel Marceau','PinabelMarceau6103@jourrapide.be','Pinabel','Marceau','Europe','Belgium'
863,'Bertrand Bazin','BertrandBazin6935@armyspy.be','Bertrand','Bazin','Europe','Belgium'
864,'Ranger LaGarde','RangerLaGarde1129@armyspy.be','Ranger','LaGarde','Europe','Belgium'
865,'Binne Smetsers','BinneSmetsers7251@dayrep.nl','Binne','Smetsers','Europe','Netherlands'
866,'Christelle Ratte','ChristelleRatte6937@armyspy.ch','Christelle','Ratte','Europe','Switzerland'
867,'Jurgen Gerste','JurgenGerste2216@armyspy.de','Jurgen','Gerste','Europe','Germany'
868,'Daniel Schmitz','DanielSchmitz4053@superrito.ch','Daniel','Schmitz','Europe','Switzerland'
869,'Dexter Boutot','DexterBoutot3140@cuvox.ch','Dexter','Boutot','Europe','Switzerland'
870,'Thomas Freud','ThomasFreud9366@gustr.ch','Thomas','Freud','Europe','Switzerland'
871,'Tanja Wirth','TanjaWirth4870@cuvox.de','Tanja','Wirth','Europe','Germany'
872,'Martin Gloeckner','MartinGloeckner75@teleworm.ch','Martin','Gloeckner','Europe','Switzerland'
873,'Anouk Leblanc','AnoukLeblanc3016@gustr.fr','Anouk','Leblanc','Europe','France'
874,'Leala Vallee','LealaVallee6297@gustr.fr','Leala','Vallee','Europe','France'
875,'Montague Flamand','MontagueFlamand5911@rhyta.fr','Montague','Flamand','Europe','France'
876,'Forrest Baron','ForrestBaron9152@dayrep.fr','Forrest','Baron','Europe','France'
877,'Ettiene Zamora','EttieneZamora3094@superrito.es','Ettiene','Zamora','Europe','Spain'
878,'Cleto Menendez','CletoMenendez1526@einrot.es','Cleto','Menendez','Europe','Spain'
879,'Atenea Luna','AteneaLuna246@einrot.es','Atenea','Luna','Europe','Spain'
880,'Bingham Iglesias','BinghamIglesias4059@armyspy.es','Bingham','Iglesias','Europe','Spain'
881,'Apollo Espinosa','ApolloEspinosa1203@einrot.es','Apollo','Espinosa','Europe','Spain'
882,'Sora Ulibarri','SoraUlibarri7738@dayrep.es','Sora','Ulibarri','Europe','Spain'
883,'Fedra Muniz','FedraMuniz4953@einrot.es','Fedra','Muniz','Europe','Spain'
884,'Enoc Esparza','EnocEsparza3435@teleworm.es','Enoc','Esparza','Europe','Spain'
885,'Ana Cardoso','AnaCardoso9686@superrito.pt','Ana','Cardoso','Europe','Portugal'
886,'Hermes Jaramillo','HermesJaramillo9408@cuvox.es','Hermes','Jaramillo','Europe','Spain'
887,'Uwe Zimmermann','UweZimmermann4369@cuvox.de','Uwe','Zimmermann','Europe','Germany'
890,'Cyprien Jaramillo','CyprienJaramillo4600@dayrep.es','Cyprien','Jaramillo','Europe','Spain'
891,'Eduarda Oliveira','EduardaOliveira8163@superrito.pt','Eduarda','Oliveira','Europe','Portugal'
892,'Miguel Barbosa','MiguelBarbosa5022@armyspy.pt','Miguel','Barbosa','Europe','Portugal'
893,'Juliane Herrmann','JulianeHerrmann2209@teleworm.de','Juliane','Herrmann','Europe','Germany'
894,'Ileana Saucedo','IleanaSaucedo1399@teleworm.es','Ileana','Saucedo','Europe','Spain'
895,'Lalita Pagan','LalitaPagan5459@dayrep.es','Lalita','Pagan','Europe','Spain'
896,'Gustavo Goncalves','GustavoGoncalves6336@cuvox.pt','Gustavo','Goncalves','Europe','Portugal'
897,'Maik Gaertner','MaikGaertner2030@teleworm.de','Maik','Gaertner','Europe','Germany'
898,'Javier Richer','JavierRicher5580@jourrapide.fr','Javier','Richer','Europe','France'
899,'Mateus Gomes','MateusGomes4597@gustr.pt','Mateus','Gomes','Europe','Portugal'
900,'Ibi Rosado','IbiRosado2323@einrot.es','Ibi','Rosado','Europe','Spain'
901,'Idelia Carrasquill','IdeliaCarrasquill855@cuvox.es','Idelia','Carrasquill','Europe','Spain'
903,'Delfor Serna','DelforSerna9475@jourrapide.es','Delfor','Serna','Europe','Spain'
904,'Aldino Becerra','AldinoBecerra4252@gustr.es','Aldino','Becerra','Europe','Spain'
905,'Eulalie Mailhot','EulalieMailhot7525@teleworm.fr','Eulalie','Mailhot','Europe','France'
906,'Mirabelle Couet','MirabelleCouet8091@cuvox.fr','Mirabelle','Couet','Europe','France'
907,'Jorg Daecher','JorgDaecher9535@armyspy.de','Jorg','Daecher','Europe','Germany'
908,'Uwe Aachen','UweAachen4691@cuvox.de','Uwe','Aachen','Europe','Germany'
911,'Kerstin Schweitzer','KerstinSchweitzer9182@armyspy.de','Kerstin','Schweitzer','Europe','Germany'
912,'Orangel Valdez','OrangelValdez4335@gustr.es','Orangel','Valdez','Europe','Spain'
913,'Monika Mehler','MonikaMehler9331@superrito.de','Monika','Mehler','Europe','Germany'
914,'Ianina Trevino','IaninaTrevino4184@teleworm.es','Ianina','Trevino','Europe','Spain'
916,'Mario Himmel','MarioHimmel5888@einrot.de','Mario','Himmel','Europe','Germany'
917,'Malcolm Hinojosa','MalcolmHinojosa7493@rhyta.es','Malcolm','Hinojosa','Europe','Spain'
918,'Eric Weiss','EricWeiss7491@teleworm.de','Eric','Weiss','Europe','Germany'
919,'Marthe Jobin','MartheJobin8367@armyspy.ch','Marthe','Jobin','Europe','Switzerland'
920,'Arnaude Grondin','ArnaudeGrondin4651@rhyta.ch','Arnaude','Grondin','Europe','Switzerland'
921,'Leonardo van den Dungen','LeonardovandenDungen6778@dayrep.nl','Leonardo','van den Dungen','Europe','Netherlands'
922,'Genevre Pare','GenevrePare2175@einrot.fr','Genevre','Pare','Europe','France'
923,'Frank Schultz','FrankSchultz9448@jourrapide.de','Frank','Schultz','Europe','Germany'
926,'Alexander Schultz','AlexanderSchultz5244@gustr.de','Alexander','Schultz','Europe','Germany'
927,'Johanna Gloeckner','JohannaGloeckner7836@superrito.de','Johanna','Gloeckner','Europe','Germany'
928,'Garland Dastous','GarlandDastous2580@rhyta.be','Garland','Dastous','Europe','Belgium'
929,'Janina Bieber','JaninaBieber3312@gustr.de','Janina','Bieber','Europe','Germany'
934,'Leon Eisenhauer','LeonEisenhauer5665@einrot.de','Leon','Eisenhauer','Europe','Germany'
937,'Vail Duclos','VailDuclos6442@jourrapide.fr','Vail','Duclos','Europe','France'
939,'Kalil Montez','KalilMontez2410@dayrep.es','Kalil','Montez','Europe','Spain'
940,'Belisarda Tessier','BelisardaTessier8751@gustr.fr','Belisarda','Tessier','Europe','France'
941,'Haman Melgar','HamanMelgar4638@cuvox.es','Haman','Melgar','Europe','Spain'
942,'Sacripant Blais','SacripantBlais5671@superrito.fr','Sacripant','Blais','Europe','France'
943,'Roslyn Bourdette','RoslynBourdette4103@superrito.fr','Roslyn','Bourdette','Europe','France'
944,'Karlotta Bazinet','KarlottaBazinet810@cuvox.fr','Karlotta','Bazinet','Europe','France'
946,'Magda Casillas','MagdaCasillas6957@jourrapide.es','Magda','Casillas','Europe','Spain'
947,'Sirio Vazquez','SirioVazquez4765@superrito.es','Sirio','Vazquez','Europe','Spain'
948,'Orson Ouellet','OrsonOuellet4746@cuvox.fr','Orson','Ouellet','Europe','France'
949,'Febe Troost','FebeTroost4101@einrot.nl','Febe','Troost','Europe','Netherlands'
950,'Thymen Vellekoop','ThymenVellekoop6390@teleworm.nl','Thymen','Vellekoop','Europe','Netherlands'
951,'Christiane Joly','ChristianeJoly61@einrot.ch','Christiane','Joly','Europe','Switzerland'
952,'Alita Gagnon','AlitaGagnon9350@cuvox.fr','Alita','Gagnon','Europe','France'
954,'Jorna El Idrissi','JornaElIdrissi4595@jourrapide.nl','Jorna','El Idrissi','Europe','Netherlands'
956,'Erick Sousa','ErickSousa9071@dayrep.pt','Erick','Sousa','Europe','Portugal'
958,'Thiery Rheaume','ThieryRheaume1759@gustr.fr','Thiery','Rheaume','Europe','France'
961,'Obbe Penterman','ObbePenterman1709@rhyta.nl','Obbe','Penterman','Europe','Netherlands'
962,'Sefanja van Nispen','SefanjavanNispen1763@cuvox.nl','Sefanja','van Nispen','Europe','Netherlands'
963,'Henriette Avare','HenrietteAvare5219@einrot.be','Henriette','Avare','Europe','Belgium'
964,'Burnell Lachapelle','BurnellLachapelle4770@armyspy.lu','Burnell','Lachapelle','Europe','Luxembourg'
965,'Comforte Paquet','ComfortePaquet2729@jourrapide.be','Comforte','Paquet','Europe','Belgium'
966,'Gay Pelland','GayPelland9210@rhyta.be','Gay','Pelland','Europe','Belgium'
967,'Ray Demers','RayDemers266@armyspy.be','Ray','Demers','Europe','Belgium'
968,'Karel CinqMars','KarelCinqMars8091@einrot.be','Karel','CinqMars','Europe','Belgium'
969,'Octave Pichette','OctavePichette2816@dayrep.be','Octave','Pichette','Europe','Belgium'
970,'Donatien Therrien','DonatienTherrien7302@armyspy.be','Donatien','Therrien','Europe','Belgium'
971,'Gaetan Brousseau','GaetanBrousseau2742@armyspy.be','Gaetan','Brousseau','Europe','Belgium'
972,'Encarnacion Quintanilla','EncarnacionQuintanilla4362@teleworm.es','Encarnacion','Quintanilla','Europe','Spain'
973,'Rojin Ruben','RojinRuben7805@einrot.nl','Rojin','Ruben','Europe','Netherlands'
975,'Agatha Ribeiro','AgathaRibeiro8707@cuvox.pt','Agatha','Ribeiro','Europe','Portugal'
976,'Mounssif van Herten','MounssifvanHerten5960@teleworm.nl','Mounssif','van Herten','Europe','Netherlands'
977,'Maximilian Daecher','MaximilianDaecher7992@rhyta.de','Maximilian','Daecher','Europe','Germany'
979,'Ulrich Nacht','UlrichNacht9693@gustr.de','Ulrich','Nacht','Europe','Germany'
980,'Savanne Drijfhout','SavanneDrijfhout6@teleworm.nl','Savanne','Drijfhout','Europe','Netherlands'
985,'Jehiel Villagomez','JehielVillagomez3758@dayrep.es','Jehiel','Villagomez','Europe','Spain'
986,'Dirk Truong','DirkTruong2871@gustr.nl','Dirk','Truong','Europe','Netherlands'
987,'Aien Duran','AienDuran3582@einrot.es','Aien','Duran','Europe','Spain'
988,'Pansy Desnoyer','PansyDesnoyer3392@rhyta.be','Pansy','Desnoyer','Europe','Belgium'
994,'Karen Brander','KarenBrander9710@teleworm.nl','Karen','Brander','Europe','Netherlands'
995,'Bruno Labossiere','BrunoLabossiere3451@armyspy.fr','Bruno','Labossiere','Europe','France'
996,'Albertine Daviau','AlbertineDaviau8624@rhyta.fr','Albertine','Daviau','Europe','France'
997,'Birgit Dresner','BirgitDresner3409@rhyta.de','Birgit','Dresner','Europe','Germany'
998,'Taciana Carrasquill','TacianaCarrasquill6878@armyspy.es','Taciana','Carrasquill','Europe','Spain'
999,'Monika Trommler','MonikaTrommler3976@dayrep.de','Monika','Trommler','Europe','Germany'
1000,'Desiderius Mota','DesideriusMota3147@cuvox.es','Desiderius','Mota','Europe','Spain'
1001,'Adhelmar Sedillo','AdhelmarSedillo2416@armyspy.es','Adhelmar','Sedillo','Europe','Spain'
1002,'Vail Bouvier','VailBouvier8681@cuvox.fr','Vail','Bouvier','Europe','France'
1003,'Alain Parmentier','AlainParmentier5389@superrito.fr','Alain','Parmentier','Europe','France'
1004,'Corette Dubeau','CoretteDubeau3029@jourrapide.be','Corette','Dubeau','Europe','Belgium'
1005,'Talon Sarrazin','TalonSarrazin3183@jourrapide.be','Talon','Sarrazin','Europe','Belgium'
1006,'Juliane Eisenhauer','JulianeEisenhauer1893@armyspy.de','Juliane','Eisenhauer','Europe','Germany'
1007,'Joseph Belair','JosephBelair1461@cuvox.fr','Joseph','Belair','Europe','France'
1008,'Ormazd Bonami','OrmazdBonami3442@teleworm.be','Ormazd','Bonami','Europe','Belgium'
1009,'Zair Collado','ZairCollado2245@dayrep.es','Zair','Collado','Europe','Spain'
1013,'Axel de Kruijf','AxeldeKruijf1235@gustr.nl','Axel','de Kruijf','Europe','Netherlands'
1014,'Anquises Echevarria','AnquisesEchevarria4502@jourrapide.es','Anquises','Echevarria','Europe','Spain'
1015,'Dillan Robledo','DillanRobledo9857@jourrapide.es','Dillan','Robledo','Europe','Spain'
1016,'Fusberta Lanoie','FusbertaLanoie89@einrot.be','Fusberta','Lanoie','Europe','Belgium'
1017,'Emmanuelle Babin','EmmanuelleBabin9867@einrot.be','Emmanuelle','Babin','Europe','Belgium'
1018,'Alexis Gaillou','AlexisGaillou6916@dayrep.ch','Alexis','Gaillou','Europe','Switzerland'
1019,'Ariane van Rhee','ArianevanRhee3819@einrot.nl','Ariane','van Rhee','Europe','Netherlands'
1020,'Enola Boogers','EnolaBoogers4551@superrito.nl','Enola','Boogers','Europe','Netherlands'
1021,'Jorg Lemann','JorgLemann41@teleworm.de','Jorg','Lemann','Europe','Germany'
1022,'Patrick Guay','PatrickGuay4142@jourrapide.fr','Patrick','Guay','Europe','France'
1023,'Ines Diederich','InesDiederich8977@dayrep.de','Ines','Diederich','Europe','Germany'
1024,'Kaue Ferreira','KaueFerreira938@jourrapide.pt','Kaue','Ferreira','Europe','Portugal'
1025,'Johanna Moench','JohannaMoench7607@teleworm.de','Johanna','Moench','Europe','Germany'
1026,'Odo Lacasse','OdoLacasse3189@cuvox.fr','Odo','Lacasse','Europe','France'
1028,'Nanna Petrie','NannaPetrie5981@gustr.fr','Nanna','Petrie','Europe','France'
1029,'Cherise Kennis','CheriseKennis1383@armyspy.nl','Cherise','Kennis','Europe','Netherlands'
1030,'Vildan Tensen','VildanTensen7916@teleworm.nl','Vildan','Tensen','Europe','Netherlands'
1031,'Marika Greuter','MarikaGreuter1106@jourrapide.nl','Marika','Greuter','Europe','Netherlands'
1032,'Asena Bode','AsenaBode2387@dayrep.nl','Asena','Bode','Europe','Netherlands'
1033,'Lizzie van der Tang','LizzievanderTang5027@teleworm.nl','Lizzie','van der Tang','Europe','Netherlands'
1034,'Erwin Verhelst','ErwinVerhelst6049@einrot.nl','Erwin','Verhelst','Europe','Netherlands'
1035,'Linette Robert','LinetteRobert8858@rhyta.fr','Linette','Robert','Europe','France'
1036,'Christiane Thibault','ChristianeThibault1533@cuvox.fr','Christiane','Thibault','Europe','France'
1037,'Rene Gosselin','ReneGosselin7639@jourrapide.fr','Rene','Gosselin','Europe','France'
1038,'Ines Peters','InesPeters9484@jourrapide.ch','Ines','Peters','Europe','Switzerland'
1039,'Julie Blanchard','JulieBlanchard5354@teleworm.fr','Julie','Blanchard','Europe','France'
1043,'Marco Nagel','MarcoNagel677@superrito.de','Marco','Nagel','Europe','Germany'
1044,'Wassima Henriquez','WassimaHenriquez9440@superrito.nl','Wassima','Henriquez','Europe','Netherlands'
1045,'Rene Schweizer','ReneSchweizer8082@dayrep.de','Rene','Schweizer','Europe','Germany'
1046,'Harcourt Paquin','HarcourtPaquin8278@dayrep.fr','Harcourt','Paquin','Europe','France'
1047,'Monika Beich','MonikaBeich7507@einrot.de','Monika','Beich','Europe','Germany'
1048,'Dominik Scherer','DominikScherer9055@teleworm.de','Dominik','Scherer','Europe','Germany'
1049,'Felix Faber','FelixFaber2178@cuvox.de','Felix','Faber','Europe','Germany'
1050,'Ludwiq Coronado','LudwiqCoronado2558@jourrapide.es','Ludwiq','Coronado','Europe','Spain'
1051,'Colette De La Ronde','ColetteDeLaRonde3150@gustr.fr','Colette','De La Ronde','Europe','France'
1052,'Bernd Urner','BerndUrner2501@cuvox.de','Bernd','Urner','Europe','Germany'
1053,'Demi Cartier','DemiCartier573@gustr.be','Demi','Cartier','Europe','Belgium'
1054,'Hartman Jaramillo','HartmanJaramillo4026@gustr.es','Hartman','Jaramillo','Europe','Spain'
1055,'Lowell Barrientos','LowellBarrientos6215@gustr.fr','Lowell','Barrientos','Europe','France'
